invoice_payment,categorization,invoice_date,due_date,final_pay_date
296.5,mobile_costs,2019-11-04,2019-11-28,2019-11-26
253.2,mobile_costs,2019-10-03,2019-10-27,2019-10-25
516.55,mobile_costs,2020-04-01,2020-04-01,2020-04-27
452.71,mobile_costs,2020-03-03,2020-03-27,2020-04-08
353.05,mobile_costs,2020-02-03,2020-02-27,2020-02-05
437.79,mobile_costs,2019-12-03,2019-12-27,2020-01-07
415.0,mobile_costs,2020-02-01,2020-03-02,2020-02-05
683.0,mobile_costs,2020-10-02,2020-10-28,2020-10-29
508.25,mobile_costs,2020-07-01,2020-07-01,2020-07-01
778.63,mobile_costs,2020-09-01,2020-09-01,2020-09-01
496.25,mobile_costs,2020-05-01,2020-05-31,2020-05-28
496.25,mobile_costs,2020-09-01,2020-09-01,2020-09-01
718.0,mobile_costs,2020-09-02,2020-09-28,2020-09-24
11473.0,Other,2021-11-22,2021-12-12,2021-11-25
18750.0,Other,2023-06-13,2023-07-13,2023-06-26
2900.0,Other,2020-02-19,2020-03-10,2020-02-25
360.0,Other,2020-12-28,2021-01-11,2020-12-30
1354.0,Other,2020-12-20,2021-01-03,2020-12-30
3200.0,Other,2020-07-01,2020-07-01,2020-09-25
4000.0,Other,2020-07-01,2020-07-01,2020-07-01
-3200.0,Other,2020-07-01,2020-07-01,2020-09-25
33449.0,Other,2024-01-02,2024-02-01,2024-01-23
-81022.0,Other,2023-12-21,2023-12-21,2023-12-21
81022.0,Other,2023-12-11,2023-12-21,2023-12-21
16430.0,finance_costs,2021-01-07,2021-01-31,2021-01-14
10000.0,finance_costs,2020-11-06,2020-11-30,2020-11-17
10000.0,finance_costs,2020-10-08,2020-10-31,2020-10-15
10600.0,finance_costs,2020-12-07,2021-12-31,2020-12-14
24380.0,finance_costs,2025-02-06,2025-02-28,2025-02-28
31535.0,finance_costs,2023-04-06,2023-04-30,2023-05-02
21610.0,finance_costs,2021-11-08,2021-11-30,2021-11-15
19080.0,finance_costs,2024-12-06,2024-12-31,2025-01-02
24380.0,finance_costs,2025-03-06,2025-03-31,2025-03-31
30734.0,finance_costs,2025-08-06,2025-08-31,2025-09-01
19080.0,finance_costs,2025-01-07,2025-01-31,2025-01-31
26235.0,finance_costs,2023-03-06,2023-03-31,2023-04-03
7950.0,finance_costs,2025-03-13,2025-03-31,2025-03-31
5300.0,finance_costs,2025-01-07,2025-01-31,2025-01-31
31535.0,finance_costs,2023-05-08,2023-05-31,2023-05-29
40280.0,finance_costs,2025-04-07,2025-04-30,2025-04-30
250.0,Other,2024-04-16,2024-05-16,2024-06-10
1249.0,Other,2023-02-01,2023-03-03,2023-03-07
700.0,Other,2023-03-06,2023-04-05,2023-03-07
2625.0,Other,2023-12-31,2024-01-20,2024-01-25
678.6,Other,2024-01-15,2024-01-30,2024-01-30
10639.0,Other,2025-04-02,2025-05-01,2025-05-02
4067.0,Other,2025-01-30,2025-03-01,2025-03-03
722.0,Other,2020-09-10,2020-10-10,2020-09-11
3813.0,accounting_costs,2022-05-02,2022-05-17,2022-05-30
4256.0,accounting_costs,2020-09-15,2020-09-30,2020-09-16
4015.0,accounting_costs,2021-03-17,2021-04-01,2021-03-24
4198.0,accounting_costs,2020-04-03,2020-04-18,2020-04-20
9467.0,accounting_costs,2023-02-15,2023-03-02,2023-03-01
7979.0,accounting_costs,2022-12-15,2022-12-30,2022-12-30
3263.0,accounting_costs,2020-08-14,2020-08-29,2020-08-27
3419.0,accounting_costs,2022-02-01,2022-02-16,2022-02-24
4290.0,accounting_costs,2020-06-15,2020-06-30,2020-06-26
16586.0,accounting_costs,2024-03-15,2024-03-30,2024-04-02
3952.0,accounting_costs,2020-11-12,2020-11-27,2020-11-17
1522.0,accounting_costs,2019-10-13,2019-10-28,2019-10-25
18868.0,accounting_costs,2024-02-15,2024-03-01,2024-03-05
3656.0,accounting_costs,2021-09-15,2021-09-30,2021-09-27
16250.0,accounting_costs,2023-06-13,2023-06-28,2023-06-26
8351.0,accounting_costs,2023-01-13,2023-01-28,2023-01-30
15086.0,accounting_costs,2023-12-15,2023-12-30,2024-01-02
3431.0,accounting_costs,2022-01-03,2022-01-18,2022-01-25
6869.0,accounting_costs,2023-10-02,2023-10-17,2023-10-16
1350.0,accounting_costs,2019-09-13,2019-09-28,2019-09-26
1845.0,accounting_costs,2019-11-18,2019-12-03,2019-11-26
6393.0,accounting_costs,2022-07-15,2022-07-30,2022-07-25
18238.0,accounting_costs,2024-02-15,2024-03-01,2024-03-05
3050.0,accounting_costs,2021-12-01,2021-12-16,2021-12-28
5496.0,accounting_costs,2022-01-17,2022-02-01,2022-02-15
9330.0,accounting_costs,2023-03-15,2023-03-30,2023-04-03
3765.0,accounting_costs,2020-12-10,2020-12-25,2020-12-23
6227.0,accounting_costs,2021-12-15,2022-12-30,2022-01-25
4959.0,accounting_costs,2021-11-19,2021-12-04,2021-11-25
13750.0,accounting_costs,2022-11-16,2022-12-01,2022-12-09
57.0,accounting_costs,2022-04-01,2022-04-01,2022-04-14
9433.0,accounting_costs,2023-05-15,2023-05-30,2023-05-29
3593.0,accounting_costs,2021-01-13,2021-01-28,2021-01-26
3994.0,accounting_costs,2020-02-12,2020-02-27,2020-02-17
7608.0,accounting_costs,2022-11-16,2022-12-01,2022-11-28
6959.0,accounting_costs,2022-05-16,2022-05-31,2022-05-30
11671.0,accounting_costs,2023-10-16,2023-10-31,2023-10-25
4084.0,accounting_costs,2021-04-16,2021-05-01,2021-04-27
5389.0,accounting_costs,2022-03-14,2022-03-29,2022-03-29
6021.0,accounting_costs,2022-06-15,2022-06-30,2022-06-28
11250.0,accounting_costs,2021-06-07,2021-06-22,2021-06-28
2669.0,accounting_costs,2021-11-01,2021-11-16,2021-11-25
12665.0,accounting_costs,2023-09-15,2023-09-30,2023-09-26
17658.0,accounting_costs,2024-01-15,2024-01-30,2024-01-30
6045.0,accounting_costs,2022-09-15,2022-09-30,2022-09-27
3896.0,accounting_costs,2020-10-13,2020-10-28,2020-10-16
3593.0,accounting_costs,2021-02-18,2021-03-05,2021-02-25
1875.0,accounting_costs,2020-12-22,2020-12-22,2020-12-23
2716.0,accounting_costs,2019-12-12,2020-12-27,2020-01-09
9429.0,accounting_costs,2023-06-15,2023-06-30,2023-06-26
11250.0,accounting_costs,2020-08-14,2020-08-29,2020-08-27
1906.0,accounting_costs,2021-01-04,2021-01-19,2021-01-07
4563.0,accounting_costs,2020-05-12,2020-05-27,2020-05-14
4938.0,accounting_costs,2022-02-15,2022-03-02,2022-02-24
3756.0,accounting_costs,2022-03-01,2022-03-16,2022-03-29
3813.0,accounting_costs,2022-04-01,2022-04-16,2022-04-29
3331.0,accounting_costs,2020-01-10,2020-01-25,2020-01-29
4800.0,accounting_costs,2023-08-01,2023-08-16,2023-08-30
9429.0,accounting_costs,2023-07-09,2023-07-24,2023-07-28
5943.0,accounting_costs,2022-04-12,2022-04-27,2022-04-29
7793.0,accounting_costs,2022-10-17,2022-11-01,2022-10-27
4037.0,accounting_costs,2020-07-07,2020-07-22,2020-07-27
3858.0,accounting_costs,2020-03-13,2020-03-28,2020-03-16
10552.0,accounting_costs,2023-08-15,2023-08-30,2023-08-30
12698.0,accounting_costs,2023-11-15,2023-11-30,2023-12-04
9764.0,accounting_costs,2023-04-17,2023-05-02,2023-05-02
7881.0,accounting_costs,2022-08-15,2022-08-30,2022-08-25
-1224.0,Other,2020-10-15,2020-11-14,2020-10-15
1224.0,Other,2020-10-15,2020-11-14,2020-10-15
1494.0,Other,2025-08-11,2025-08-11,2025-08-12
124.0,Other,2020-10-07,2020-11-06,2020-10-08
-863.7354,Other,2020-10-21,2020-10-21,2020-10-21
87.158754,Other,2020-10-21,2020-10-21,2020-10-22
863.7354,Other,2020-10-21,2020-10-21,2020-10-21
140000.0,rental_costs,2021-09-07,2021-10-07,2021-09-27
12495.0,Other,2020-11-10,2020-12-10,2020-11-11
32989.0,Other,2021-01-13,2021-02-12,2021-01-14
96489.0,Other,2023-08-18,2023-09-17,2023-08-30
9290.0,Other,2021-01-13,2021-02-12,2021-01-14
35550.0,Other,2020-10-06,2020-10-20,2020-10-15
9329.0,Other,2025-04-23,2025-05-23,2025-05-23
12487.0,Other,2024-08-01,2024-08-31,2024-08-16
3540.0,Other,2024-07-18,2024-08-07,2024-08-12
77777.0,Other,2024-12-29,2024-12-31,2025-01-02
4000000.0,Other,2024-03-07,2024-03-08,2024-03-11
25124.84,Other,2023-01-20,2023-01-20,2023-01-20
14748.0,office_items_costs,2023-01-13,2023-01-23,2023-01-30
17391.0,office_items_costs,2021-09-02,2021-09-12,2021-09-07
26513.0,office_items_costs,2023-10-16,2023-10-26,2023-10-26
6058.0,office_items_costs,2024-01-02,2024-01-12,2024-01-17
5316.0,office_items_costs,2023-09-04,2023-09-14,2023-09-26
20411.0,office_items_costs,2023-10-10,2023-10-20,2023-10-11
18911.25,office_items_costs,2023-10-06,2023-10-06,2023-10-25
27733.0,office_items_costs,2023-02-10,2023-02-20,2023-03-01
14808.0,office_items_costs,2023-01-13,2023-01-23,2023-01-31
63436.0,office_items_costs,2021-10-25,2021-10-25,2021-10-29
22048.0,office_items_costs,2022-01-26,2022-02-05,2022-03-10
17673.0,office_items_costs,2022-05-09,2022-05-19,2022-05-30
841.0,office_items_costs,2021-09-20,2021-09-20,2021-09-23
22408.81,office_items_costs,2022-03-10,2022-03-10,2022-03-11
7758.0,office_items_costs,2021-01-14,2021-01-24,2021-01-26
63376.0,office_items_costs,2021-11-01,2021-11-01,2021-11-01
11234.0,office_items_costs,2022-03-21,2022-03-31,2022-03-29
26600.0,office_items_costs,2020-09-22,2020-10-02,2020-09-24
175.0,office_items_costs,2023-11-01,2023-11-09,2023-12-04
31796.0,office_items_costs,2019-11-28,2019-12-28,2019-11-29
1500.65,Other,2024-05-13,2024-05-13,2024-05-21
32950.0,Other,2022-11-09,2022-11-19,2022-11-28
13475.0,Other,2022-11-01,2022-11-01,2022-11-08
622.0,Other,2024-01-03,2024-02-02,2024-02-02
774.0,Other,2024-12-02,2025-01-02,2025-01-02
676.0,Other,2024-08-02,2024-09-02,2024-09-02
731.0,Other,2024-11-01,2024-12-02,2024-12-02
687.0,Other,2025-01-07,2025-02-06,2025-02-06
723.0,Other,2024-03-04,2024-04-03,2024-04-03
896.0,Other,2023-12-04,2024-01-03,2024-01-03
571.0,Other,2025-09-01,2025-10-01,
511.0,Other,2025-08-01,2025-09-01,2025-09-01
558.0,Other,2025-06-02,2025-07-02,2025-07-02
698.0,Other,2024-07-02,2024-08-01,2024-08-01
561.0,Other,2025-05-02,2025-06-02,2025-06-02
716.0,Other,2024-06-03,2024-07-03,2024-07-03
705.0,Other,2024-09-03,2024-10-03,2024-10-03
703.0,Other,2024-05-02,2024-06-03,2024-06-03
628.0,Other,2025-03-03,2025-04-02,2025-04-02
727.0,Other,2024-04-02,2024-05-02,2024-05-02
595.0,Other,2023-11-02,2023-12-04,2023-12-04
745.0,Other,2024-02-06,2024-03-07,2024-03-07
624.0,Other,2025-02-03,2025-03-05,2025-03-05
551.0,Other,2025-07-01,2025-07-31,2025-07-31
734.0,Other,2024-11-01,2024-12-01,2024-12-11
565.0,Other,2025-04-02,2025-05-02,2025-05-02
35000.0,Other,2025-07-07,2025-07-22,2025-07-22
6188.0,Other,2024-09-17,2024-10-02,2024-10-02
18438.0,Other,2024-10-04,2024-10-19,2024-10-21
3813.98,Other,2021-06-11,2021-06-19,2021-06-18
3342.0,Other,2022-06-03,2022-07-03,2022-06-07
1800.0,Other,2024-02-22,2024-03-23,2024-04-05
716.0,Other,2021-01-21,2021-02-04,2021-01-25
9173.0,Other,2023-11-27,2023-12-17,2023-12-18
8125.0,Other,2023-11-24,2023-12-04,2023-12-12
4459.0,Other,2025-04-15,2025-05-05,2025-05-05
1820.0,Other,2025-04-03,2025-04-15,2025-04-15
11238.0,Other,2021-03-11,2021-04-10,2021-03-18
54206.0,Other,2024-07-01,2024-07-01,2024-08-15
1897.0,Other,2024-02-23,2024-03-09,2024-03-12
1803.0,Other,2023-11-24,2023-12-09,2023-12-13
1369.0,Other,2023-12-29,2024-01-28,2024-01-29
1627.0,Other,2024-12-27,2025-01-26,2025-01-27
1803.0,Other,2024-01-26,2024-02-10,2024-02-14
590.0,Other,2023-12-07,2023-12-27,2023-12-27
187.0,Other,2025-01-07,2025-01-23,2025-01-23
183.0,Other,2025-04-08,2025-04-23,2025-04-24
232.0,Other,2024-01-08,2024-01-23,2024-01-23
174.0,Other,2025-08-06,2025-08-25,2025-08-25
134.0,Other,2024-11-06,2024-11-25,2024-11-25
233.0,Other,2024-12-06,2024-12-23,2024-12-23
86.0,Other,2024-09-09,2024-09-24,2024-09-27
159.0,Other,2024-08-06,2024-08-23,2024-08-23
216.0,Other,2025-06-09,2025-06-24,2025-06-25
217.0,Other,2025-02-06,2025-02-24,2025-02-24
130.0,Other,2024-06-10,2024-06-25,2024-06-25
312.0,Other,2024-02-06,2024-02-23,2024-03-05
260.0,Other,2024-03-06,2024-03-25,2024-03-25
119.0,Other,2024-10-08,2024-10-23,2024-10-23
33.0,Other,2024-07-08,2024-07-23,2024-07-31
156.0,Other,2023-11-06,2023-11-23,2023-12-04
262.0,Other,2025-03-06,2025-03-24,2025-03-24
249.0,Other,2024-05-06,2024-05-23,2024-05-23
220.0,Other,2024-04-09,2024-04-24,2024-04-30
108.0,Other,2025-07-07,2025-07-23,2025-08-14
6148.0,Other,2024-06-28,2024-07-27,2024-07-31
638.0,it_costs,2022-01-01,2022-01-31,2022-01-03
79.88,it_costs,2021-04-01,2021-04-01,2021-10-31
0.29,it_costs,2021-03-01,2021-03-31,2021-03-02
4075.65,it_costs,2022-01-01,2022-01-31,2022-01-03
3013.99,it_costs,2021-04-01,2021-04-01,2021-04-06
80.38,it_costs,2021-02-28,2021-02-28,2021-10-31
97.44,it_costs,2020-09-30,2020-09-30,2020-10-02
313.2,it_costs,2020-10-31,2020-10-31,2020-11-02
61.2,it_costs,2020-11-30,2020-11-30,2020-11-30
81.93,it_costs,2020-12-31,2021-01-31,2021-10-31
0.28,it_costs,2021-01-31,2021-01-31,2021-02-02
78.63,it_costs,2021-01-31,2021-01-31,2021-10-31
0.09,it_costs,2020-12-31,2021-01-02,2021-01-04
355.29,it_costs,2020-12-31,2020-12-31,2021-01-04
39.74,it_costs,2020-12-31,2020-12-31,2020-12-31
138.7,it_costs,2020-10-07,2020-11-06,2020-12-01
313.2,it_costs,2020-12-01,2020-12-01,2020-12-31
200.05,it_costs,2020-10-07,2020-11-06,2020-12-01
-138.7,it_costs,2020-10-07,2020-11-06,2020-12-01
60938.0,Other,2025-05-21,2025-06-05,2025-06-09
37026.0,Other,2025-06-24,2025-07-09,2025-07-09
71615.0,Other,2025-08-20,2025-09-04,2025-09-04
1454.0,Other,2021-10-01,2021-10-28,2021-10-28
2388.0,Other,2025-09-02,2025-09-28,
2218.0,Other,2023-12-02,2023-12-28,2023-12-28
2075.0,Other,2022-10-01,2022-10-28,2022-10-27
2865.0,Other,2024-02-02,2024-02-28,2024-02-28
2023.0,Other,2023-03-01,2023-03-28,2023-03-29
2108.0,Other,2025-02-02,2025-02-28,2025-02-28
2752.0,Other,2024-06-02,2024-06-28,2024-06-28
2746.0,Other,2024-03-02,2024-03-28,2024-03-28
2239.0,Other,2023-08-02,2023-08-28,2023-08-30
2297.25,Other,2023-09-01,2023-09-01,2023-12-04
2748.0,Other,2024-07-02,2024-07-28,2024-07-29
2178.0,Other,2023-07-02,2023-07-28,2023-07-28
2575.0,Other,2025-01-02,2025-01-28,2025-01-28
2370.0,Other,2023-04-02,2023-04-28,2023-05-02
2172.0,Other,2025-05-02,2025-05-28,2025-06-16
2979.0,Other,2024-08-02,2024-08-28,2024-08-28
2090.0,Other,2025-04-01,2025-04-28,2025-04-28
2673.0,Other,2023-11-02,2023-11-28,2023-12-04
1260.0,Other,2021-11-01,2021-11-28,2021-11-25
2074.0,Other,2022-09-02,2022-09-28,2022-09-27
2749.0,Other,2024-04-02,2024-04-28,2024-04-29
2509.0,Other,2024-11-02,2024-11-28,2024-11-28
2600.0,Other,2024-10-02,2024-10-28,2024-10-28
2070.0,Other,2022-11-01,2022-11-28,2022-11-29
2579.0,Other,2024-09-02,2024-09-28,2024-09-30
2180.0,Other,2023-01-01,2023-01-28,2023-01-30
2251.0,Other,2023-10-02,2023-10-28,2023-10-27
2774.0,Other,2023-12-28,2024-01-28,2024-01-29
1594.0,Other,2021-12-02,2021-12-28,2021-12-28
2069.0,Other,2022-08-02,2022-08-28,2022-08-25
2164.0,Other,2025-08-02,2025-08-28,2025-08-28
1785.0,Other,2022-01-01,2022-01-28,2022-01-25
2049.0,Other,2022-03-02,2022-03-28,2022-03-29
2487.0,Other,2023-06-02,2023-06-28,2023-06-29
2459.0,Other,2024-12-02,2024-12-28,2024-12-30
2749.0,Other,2024-05-02,2024-05-28,2024-05-28
1968.0,Other,2022-05-02,2022-05-28,2022-05-30
2357.94,Other,2023-10-04,2023-10-04,2023-10-12
318.75,Other,2019-08-05,2019-08-15,2019-08-15
1604.0,Other,2022-02-02,2022-02-28,2022-02-24
2145.0,Other,2022-06-02,2022-06-28,2022-06-29
1876.0,Other,2022-04-01,2022-04-28,2022-04-29
2075.0,Other,2022-07-01,2022-07-28,2022-07-25
203.62,mobile_costs,2019-09-03,2019-09-27,2019-09-03
2600.0,mobile_costs,2024-10-28,2024-11-27,2024-11-29
-2600.0,mobile_costs,2024-11-01,2024-11-28,2024-11-29
-2509.0,mobile_costs,2024-11-18,2024-11-28,2024-11-29
2509.0,mobile_costs,2024-11-18,2024-11-28,2024-11-29
870.0,mobile_costs,2021-04-01,2021-04-28,2021-04-27
879.0,mobile_costs,2021-05-01,2021-05-28,2021-05-24
1135.0,mobile_costs,2020-12-03,2020-12-28,2020-12-28
870.0,mobile_costs,2021-02-01,2021-02-28,2021-02-25
1024.0,mobile_costs,2021-01-01,2021-01-28,2021-01-07
1055.0,mobile_costs,2020-11-01,2020-11-28,2020-11-17
725.0,Other,2023-11-24,2023-12-24,2023-12-27
725.0,Other,2023-11-24,2023-12-24,2023-12-27
20438.0,Other,2025-04-23,2025-05-23,2025-05-23
27141.632,Other,2024-05-02,2024-05-02,2024-05-10
13131.0,Other,2023-09-28,2023-10-28,2023-10-27
18750.0,Other,2021-04-26,2021-05-26,2021-04-27
34986.0,Other,2023-04-14,2023-05-14,2023-05-30
1141.25,rental_costs,2021-04-01,2021-04-26,2021-04-27
24875.0,rental_costs,2020-12-10,2020-12-20,2020-12-18
84000.0,rental_costs,2020-12-18,2021-01-10,2021-01-11
84000.0,rental_costs,2021-03-01,2021-03-26,2021-03-24
1200.15,Other,2023-11-15,2023-12-27,2024-01-03
5442.0,Other,2022-09-15,2022-09-15,2022-09-20
523.0,Other,2020-05-22,2020-06-21,2020-05-28
57938.0,web_page_design_costs,2021-05-17,2021-06-01,2021-06-11
15063.0,web_page_design_costs,2021-05-17,2021-06-01,2021-06-11
15063.0,web_page_design_costs,2021-08-25,2021-09-09,2021-09-02
57938.0,web_page_design_costs,2021-08-17,2021-09-01,2021-08-23
558.0,Other,2024-08-01,2024-08-31,2024-09-26
1332.01,Other,2023-03-07,2023-04-06,2023-04-11
1211.0,Other,2023-12-21,2024-01-10,2024-01-11
2432.0,Other,2024-05-15,2024-05-16,2024-06-13
14334.0,Other,2024-07-15,2024-08-14,2024-08-14
20301.0,Other,2025-01-27,2025-02-26,2025-02-26
19634.0,Other,2024-10-21,2024-11-20,2024-11-20
16506.0,Other,2024-06-17,2024-07-17,2024-07-17
6503.0,Other,2025-02-10,2025-03-12,2025-03-12
2868.0,Other,2024-09-23,2024-10-23,2024-10-23
19629.0,Other,2025-04-14,2025-05-14,2025-05-14
16167.0,Other,2024-11-18,2024-12-18,2024-12-18
2655.0,Other,2025-02-28,2025-03-30,2025-03-31
4320.0,Other,2024-12-30,2025-01-29,2025-01-29
13528.0,Other,2024-05-20,2024-06-19,2024-06-19
4145.0,Other,2024-06-24,2024-07-24,2024-07-24
15763.0,Other,2024-04-15,2024-04-30,2024-04-30
7806.0,Other,2024-06-10,2024-06-10,2024-07-02
38047.0,Other,2025-02-28,2025-03-30,2025-03-31
1492.0,Other,2025-03-31,2025-04-30,2025-04-30
15203.0,Other,2024-08-19,2024-09-18,2024-09-18
6138.0,Other,2025-04-07,2025-05-07,2025-05-07
17428.0,Other,2025-03-31,2025-04-30,2025-04-30
15855.0,Other,2024-09-23,2024-10-23,2024-10-23
2189.0,Other,2024-03-22,2024-04-06,2024-04-08
14443.0,Other,2024-12-16,2025-01-15,2025-01-15
18772.0,Other,2025-02-03,2025-03-05,2025-03-05
2302.95,Other,2024-08-24,2024-09-13,2024-09-13
70934.375,Other,2024-10-02,2024-11-01,2024-11-01
122605.87500000001,Other,2022-12-15,2023-01-14,2023-01-19
72346.875,Other,2024-12-03,2025-01-02,2025-01-02
3739.59,Other,2025-03-21,2025-04-20,2025-04-22
1730.86,Other,2025-07-04,2025-08-03,2025-08-04
1986.67,Other,2024-12-16,2025-01-15,2025-01-24
2110.02,Other,2025-01-31,2025-03-02,2025-03-03
4844.0,Other,2020-12-23,2021-01-22,2020-12-30
7690.0,Other,2023-03-02,2023-04-01,2023-03-07
10625.0,Other,2024-01-31,2024-03-01,2024-03-01
39.34,it_costs,2022-10-09,2022-11-08,2022-10-19
801.83,it_costs,2022-03-09,2022-04-08,2022-03-21
2939.33,it_costs,2025-01-09,2025-01-12,2025-01-10
450.15,it_costs,2025-06-09,2025-09-06,2025-06-09
514.38,it_costs,2024-04-09,2024-04-09,2024-04-09
1654.82,it_costs,2022-01-09,2022-02-08,2022-01-19
431.8,it_costs,2024-05-09,2024-05-09,2024-05-10
550.17,it_costs,2024-03-09,2024-03-09,2024-03-11
1086.0,it_costs,2022-01-06,2022-02-05,2022-01-07
405.69,it_costs,2022-01-06,2022-02-05,2022-01-07
5241.6,it_costs,2021-09-01,2021-09-01,2021-12-31
254.9,it_costs,2021-02-06,2021-03-08,2021-10-31
271.25,web_page_costs,2019-07-01,2019-07-01,2019-07-01
1485.0,web_page_costs,2020-05-01,2020-05-01,2020-05-07
2985.0,web_page_costs,2022-01-17,2022-02-16,2022-02-24
236.0,web_page_costs,2024-01-17,2024-03-17,2024-03-18
173.75,web_page_costs,2021-01-17,2021-03-18,2021-01-25
274.0,web_page_costs,2024-12-17,2025-02-15,2025-02-17
1785.0,web_page_costs,2022-02-28,2022-05-02,2022-03-11
173.75,web_page_costs,2022-02-01,2022-03-18,2022-03-11
90760.0,Other,2024-03-22,2024-04-18,2024-04-18
51636.0,Other,2024-01-04,2024-01-15,2024-01-17
2630.0,Other,2024-03-22,2024-04-18,2024-04-18
72290.0,Other,2024-02-28,2024-03-18,2024-03-18
44834.0,Other,2024-01-04,2024-01-15,2024-01-17
21945.0,Other,2024-01-16,2024-02-22,2024-02-22
93342.0,Other,2024-04-14,2024-05-17,2024-05-17
22938.0,Other,2024-01-16,2024-02-10,2024-02-12
98158.0,Other,2023-12-12,2023-12-17,2023-12-18
7600.0,Other,2022-02-01,2022-02-01,2022-02-14
-19091.0,office_items_costs,2021-11-25,2021-11-25,2021-12-31
19091.0,office_items_costs,2021-11-25,2021-11-25,2021-12-31
100000.0,Other,2021-11-01,2021-12-01,2021-12-03
12651.0,Other,2023-11-24,2023-12-04,2023-12-12
12000.0,Other,2023-03-01,2023-03-12,2023-03-22
53169.13,Other,2023-10-23,2023-10-23,2023-10-25
5000.0,Other,2023-10-13,2023-11-12,2023-10-16
9375.0,Other,2024-04-01,2024-04-01,2024-08-15
9894.0,Other,2024-12-31,2025-02-13,2025-02-13
11662.0,Other,2022-12-22,2023-01-21,2022-12-30
5985.0,Other,2023-10-23,2023-11-22,2023-11-22
5985.0,Other,2024-10-21,2024-11-20,2024-11-20
120000.0,Other,2023-09-06,2023-10-06,2023-10-06
174.0,Other,2024-12-16,2025-01-05,2025-01-24
60.36,Other,2025-01-10,2025-01-10,2025-02-05
39703.0,Other,2021-11-16,2021-12-16,2021-11-25
4219.0,Other,2020-05-05,2020-06-04,2020-05-11
8805.0,Other,2023-03-26,2023-03-26,2023-04-03
4178.0,Other,2021-01-05,2021-02-04,2021-01-07
1938.0,Other,2023-03-20,2023-04-19,2023-04-03
990.0,Other,2020-10-14,2020-11-13,2020-10-16
22435.0,Other,2023-10-27,2023-10-27,2023-12-04
22375.0,Other,2023-11-01,2023-11-01,2023-12-12
-22375.0,Other,2023-12-21,2023-12-21,2023-12-21
3258.68,Other,2024-06-21,2024-06-21,2024-07-02
14575.97,Other,2023-04-21,2023-05-21,2023-05-12
5447.43,Other,2024-03-15,2024-04-14,2024-04-15
3258.68,Other,2025-05-18,2025-05-22,2025-05-28
10334.0,Other,2022-04-05,2022-04-30,2022-04-25
56250.0,Other,2024-02-20,2024-03-08,2024-03-12
673.14,Other,2024-06-12,2024-07-12,2024-07-12
1945.22,Other,2024-08-28,2024-09-27,2024-09-27
2504.09,Other,2024-11-01,2024-12-01,2024-12-02
2577.93,Other,2024-05-23,2024-05-31,2024-05-28
63.0,banking_costs,2019-11-07,2019-11-22,2019-11-22
1107.68,Other,2023-04-01,2023-04-11,2023-04-11
1125.0,Other,2019-11-15,2019-12-15,2019-11-19
5250.0,it_costs,2025-01-08,2025-01-23,2025-02-05
5250.0,it_costs,2024-01-01,2024-01-16,2024-01-17
5750.0,Other,2023-11-28,2023-12-28,2023-12-28
1299.0,Other,2022-08-01,2022-08-01,2022-08-01
1518900.0,Other,2025-05-06,2025-05-08,2025-05-09
410844.0,Other,2024-04-10,2024-04-10,2024-04-12
496135.0,Other,2023-12-11,2023-12-11,2023-12-12
1045984.0,Other,2025-04-11,2025-05-12,2025-05-12
1275000.0,Other,2024-08-15,2024-08-15,2024-08-15
1011955.0,Other,2024-02-08,2024-02-08,2024-02-09
737661.0,Other,2024-01-15,2024-01-15,2024-01-16
566846.0,Other,2024-09-01,2024-09-10,2024-09-10
1319793.0,Other,2024-05-09,2024-05-09,2024-05-10
1087835.0,Other,2024-11-01,2024-11-11,2024-11-14
58057.0,Other,2025-07-02,2025-07-10,2025-07-10
474248.0,Other,2025-01-03,2025-01-15,2025-01-16
465558.0,Other,2024-12-06,2024-12-09,2024-12-11
414412.0,Other,2025-04-01,2025-04-10,2025-04-14
1114.0,Other,2024-12-02,2024-12-02,2024-12-06
607782.0,Other,2024-07-10,2024-07-10,2024-07-10
1539462.0,Other,2025-02-03,2025-02-10,2025-02-11
460080.0,Other,2025-03-01,2025-03-10,2025-03-11
733260.0,Other,2024-06-10,2024-06-10,2024-06-10
471680.0,Other,2025-09-02,2025-09-10,
487685.0,Other,2024-03-10,2024-03-10,2024-03-12
306562.0,Other,2024-10-01,2024-10-12,2024-10-14
1598000.0,Other,2025-08-11,2025-08-13,2025-08-14
468.31206199999997,it_costs,2021-10-07,2021-10-07,2022-01-31
239103.0,Other,2023-09-08,2023-09-29,2023-10-16
380000.0,Other,2023-09-01,2023-09-27,2023-09-26
1683.0,Other,2023-11-16,2023-12-16,2023-12-18
507.0,Other,2025-01-01,2025-01-19,2025-02-05
65000.0,Other,2024-04-29,2024-05-14,2024-05-07
71250.0,Other,2024-04-01,2024-04-12,2024-05-10
181.0,Other,2025-08-15,2025-08-21,2025-08-20
315.0,Other,2025-06-17,2025-06-25,2025-06-25
1562.0,Other,2025-02-05,2025-02-13,2025-02-17
1178.0,Other,2024-05-03,2024-05-03,2024-05-10
3113.0,Other,2024-12-07,2025-01-06,2025-01-09
13719.0,Other,2023-11-01,2023-11-24,2023-12-12
12500.0,Other,2020-02-17,2020-03-18,2020-02-20
2563.0,Other,2023-11-09,2023-12-09,2023-12-11
2685.0,Other,2022-11-01,2022-12-01,2022-11-01
975.0,Other,2020-02-01,2020-02-01,2020-02-28
1187.0,Other,2020-02-01,2020-02-01,2020-02-28
837.5,Other,2020-02-18,2020-03-03,2020-02-20
3156.25,Other,2020-02-01,2020-02-11,2020-02-20
7945.0,Other,2021-06-14,2021-06-29,2021-06-28
411.0,Other,2024-01-04,2024-01-29,2024-01-17
815.73,Other,2024-06-27,2024-07-05,2024-07-31
382.0,Other,2024-09-04,2024-09-27,2024-09-27
471.0,Other,2024-02-05,2024-02-28,2024-02-21
1201.0,Other,2023-11-03,2023-12-03,2023-12-04
659.0,Other,2024-07-03,2024-07-29,2024-07-31
10498.0,Other,2023-10-09,2023-11-08,2023-11-08
472.0,mobile_costs,2021-02-16,2021-03-18,2021-02-24
706.0,mobile_costs,2021-08-13,2021-09-13,2021-08-23
9695.0,mobile_costs,2022-06-13,2022-07-13,2022-06-27
706.0,mobile_costs,2021-05-20,2021-06-21,2021-05-25
1922.0,mobile_costs,2021-12-27,2022-01-11,2022-01-04
8459.0,Other,2024-06-01,2024-07-01,2024-07-01
7391.0,Other,2024-09-01,2024-10-01,2024-10-01
4928.0,Other,2024-05-01,2024-05-30,2024-05-30
1768.0,insurance_costs,2020-10-07,2020-10-27,2020-11-02
263.0,insurance_costs,2019-07-01,2019-07-01,2019-07-01
2217.0,insurance_costs,2020-11-17,2020-12-01,2020-12-01
6665.0,insurance_costs,2024-06-01,2024-06-30,2024-06-03
6594.0,insurance_costs,2024-05-01,2024-05-31,2024-05-02
17875.0,Other,2023-10-20,2023-10-20,2023-10-20
1050.0,Other,2024-11-04,2024-12-04,2024-12-04
875.0,Other,2024-01-11,2024-01-11,2024-02-14
875.0,Other,2023-12-12,2024-01-11,2024-01-11
1045.0,Other,2024-02-08,2024-03-07,2024-03-07
640.0,Other,2024-03-08,2024-03-18,2024-03-18
2560.0,Other,2023-11-03,2023-11-13,2023-12-04
2560.0,Other,2023-10-02,2023-10-12,2023-10-25
31189.0,Other,2024-10-28,2024-11-11,2024-11-22
0.0,mobile_costs,2020-10-28,2020-10-28,
0.0,accounting_costs,2024-03-01,2024-03-05,
0.0,accounting_costs,2022-01-17,2022-02-01,
0.0,accounting_costs,2024-03-01,2024-03-05,
0.0,accounting_costs,2024-02-16,2024-02-28,
0.0,office_items_costs,2021-09-02,2021-09-12,
0.0,office_items_costs,2020-12-12,2020-12-12,
0.0,it_costs,2020-12-01,2020-12-01,
0.0,it_costs,2024-07-31,2024-07-31,
0.0,Other,2024-02-28,2024-03-29,
0.0,Other,2022-08-12,2022-08-12,
0.0,it_costs,2025-04-09,2025-04-09,
0.0,Other,2025-04-11,2025-05-12,
0.0,Other,2024-08-28,2024-09-27,
0.0,Other,2022-12-01,2022-12-31,
60.0,mobile_costs,2020-04-02,2020-05-02,2020-04-08
60.0,accounting_costs,2024-03-19,2024-03-19,2024-04-05
60.0,Other,2024-04-17,2024-04-17,2024-05-10
60.0,mobile_costs,2022-04-04,2022-04-04,2022-04-04
320.0,Other,2023-04-17,2023-05-08,2023-05-15
320.0,Other,2023-06-02,2023-06-12,2023-06-12
320.0,Other,2023-09-10,2023-09-10,2023-09-26
365.4,it_costs,2021-03-31,2021-04-30,2021-03-31
365.4,it_costs,2021-04-30,2021-04-30,2021-04-30
365.4,it_costs,2021-01-31,2021-01-31,2021-02-03
442.0,insurance_costs,2020-03-09,2020-03-27,2020-03-18
442.0,insurance_costs,2020-01-08,2020-01-27,2020-01-22
442.0,insurance_costs,2020-07-07,2020-07-27,2020-07-17
442.0,insurance_costs,2019-12-11,2019-12-31,2019-12-30
442.0,insurance_costs,2020-06-01,2020-07-01,2020-06-16
442.0,insurance_costs,2020-04-07,2020-04-27,2020-04-16
442.0,insurance_costs,2020-02-05,2020-02-25,2020-02-17
442.0,insurance_costs,2020-05-07,2020-05-27,2020-05-18
599.0,Other,2025-02-04,2025-02-28,2025-02-28
599.0,Other,2025-08-04,2025-08-28,2025-08-28
599.0,Other,2024-11-05,2024-11-28,2024-11-28
599.0,Other,2025-06-03,2025-06-27,2025-06-27
599.0,Other,2025-03-05,2025-03-28,2025-03-28
599.0,Other,2025-01-03,2025-01-28,2025-01-28
599.0,Other,2025-05-05,2025-05-28,2025-05-28
599.0,Other,2024-12-04,2024-12-27,2024-12-27
599.0,Other,2025-04-02,2025-04-28,2025-04-28
599.0,Other,2024-10-03,2024-10-28,2024-10-28
599.0,Other,2025-07-02,2025-07-28,2025-07-28
599.0,Other,2024-06-04,2024-06-28,2024-07-05
599.0,Other,2024-06-11,2024-06-11,2024-06-13
869.0,Other,2021-09-01,2021-09-28,2021-09-27
869.0,mobile_costs,2021-03-01,2021-03-28,2021-03-24
869.0,mobile_costs,2021-07-01,2021-07-28,2021-07-21
869.0,mobile_costs,2021-08-01,2021-08-28,2021-08-23
869.0,mobile_costs,2021-06-01,2021-06-28,2021-06-28
884.0,insurance_costs,2020-02-05,2020-02-25,2020-02-17
884.0,insurance_costs,2020-06-01,2020-07-01,2020-06-16
884.0,insurance_costs,2020-05-07,2020-05-27,2020-05-18
884.0,insurance_costs,2020-01-08,2020-01-27,2020-01-22
884.0,insurance_costs,2020-07-07,2020-07-27,2020-07-17
884.0,insurance_costs,2020-03-09,2020-03-27,2020-03-18
884.0,insurance_costs,2019-11-07,2019-11-27,2019-11-29
884.0,insurance_costs,2020-04-07,2020-04-27,2020-04-16
884.0,insurance_costs,2020-10-07,2020-10-27,2020-11-02
884.0,insurance_costs,2019-12-11,2019-12-31,2019-12-30
1244.0,Other,2021-04-13,2021-05-13,2021-04-14
1244.0,Other,2021-05-13,2021-06-12,2021-05-14
1244.0,Other,2020-11-01,2020-11-01,2020-11-16
1244.0,Other,2021-07-12,2021-07-12,2021-07-13
1244.0,Other,2020-12-14,2021-12-14,2020-12-15
1244.0,Other,2021-03-14,2021-04-13,2021-03-15
1244.0,Other,2022-02-01,2022-02-01,2022-02-01
1244.0,Other,2021-06-12,2021-06-12,2021-06-14
1244.0,Other,2022-02-23,2022-02-23,2022-02-24
1244.0,Other,2022-05-24,2022-05-24,2022-05-25
1244.0,Other,2022-03-25,2022-03-25,2022-03-28
1244.0,Other,2020-10-15,2020-11-14,2020-10-16
1244.0,Other,2021-01-13,2021-01-13,2021-01-14
1244.0,Other,2021-08-11,2021-08-11,2021-08-12
1244.0,Other,2021-02-12,2021-02-20,2021-02-15
1991.0,Other,2024-10-25,2024-11-24,2024-11-25
1991.0,Other,2024-03-22,2024-04-06,2024-04-08
1991.0,Other,2024-04-26,2024-05-11,2024-05-20
1991.0,Other,2024-11-22,2024-12-22,2024-12-23
1991.0,Other,2024-07-26,2024-08-25,2024-08-26
1991.0,Other,2024-08-21,2024-09-20,2024-09-20
1991.0,Other,2024-09-27,2024-10-27,2024-10-28
1991.0,Other,2024-06-28,2024-07-28,2024-07-29
1991.0,Other,2024-05-24,2024-06-23,2024-06-24
2063.0,Other,2025-07-02,2025-07-28,2025-07-28
2063.0,Other,2025-03-02,2025-03-28,2025-03-28
2063.0,Other,2025-06-02,2025-06-28,2025-06-30
2288.0,accounting_costs,2021-06-01,2021-06-16,2021-06-28
2288.0,accounting_costs,2021-03-02,2021-03-17,2021-03-24
2288.0,accounting_costs,2021-09-01,2021-09-16,2021-09-02
2288.0,accounting_costs,2021-08-02,2021-08-17,2021-08-23
2288.0,accounting_costs,2021-02-01,2021-02-16,2021-02-25
2288.0,accounting_costs,2021-05-03,2021-05-18,2021-05-24
2288.0,accounting_costs,2021-04-01,2021-04-16,2021-04-06
2288.0,accounting_costs,2021-07-01,2021-07-16,2021-07-21
2288.0,accounting_costs,2021-10-01,2021-10-16,2021-10-04
2385.0,finance_costs,2023-04-03,2023-04-30,2023-05-02
2385.0,web_page_costs,2024-01-29,2024-05-02,2024-05-02
2385.0,web_page_costs,2025-01-31,2025-04-01,2025-04-01
3198.68,Other,2025-05-11,2025-06-10,2025-06-10
3198.68,Other,2025-02-11,2025-03-13,2025-03-13
3198.68,Other,2024-08-11,2024-09-10,2024-09-10
3198.68,Other,2025-07-11,2025-08-10,2025-08-11
3198.68,Other,2025-06-11,2025-07-11,2025-07-11
3198.68,Other,2024-10-11,2024-11-10,2024-11-11
3198.68,Other,2024-12-11,2025-01-10,2025-01-10
3198.68,Other,2024-06-11,2024-07-11,2024-07-11
3198.68,Other,2024-11-11,2024-12-11,2024-12-11
3198.68,Other,2025-03-11,2025-04-10,2025-04-14
3198.68,Other,2025-01-11,2025-02-10,2025-02-10
3198.68,Other,2024-07-11,2024-08-10,2024-08-12
3198.68,Other,2025-08-11,2025-09-10,
3198.68,Other,2024-09-11,2024-10-11,2024-10-11
3500.0,Other,2024-11-10,2024-11-25,2024-11-25
3500.0,Other,2023-12-31,2024-02-09,2024-02-09
3500.0,Other,2025-01-31,2025-02-15,2025-02-17
3500.0,Other,2024-08-26,2024-09-10,2024-09-10
3500.0,Other,2025-01-31,2025-03-17,2025-03-17
3500.0,Other,2024-08-26,2024-09-15,2024-09-16
4194.0,accounting_costs,2022-11-01,2022-11-16,2022-11-28
4194.0,accounting_costs,2022-06-28,2022-06-28,2022-06-29
4194.0,accounting_costs,2022-09-01,2022-09-16,2022-09-27
4194.0,accounting_costs,2022-12-01,2022-12-16,2022-12-30
4194.0,accounting_costs,2022-07-01,2022-07-16,2022-07-25
4194.0,accounting_costs,2022-10-03,2022-10-18,2022-10-27
4375.0,Other,2025-01-31,2025-03-02,2025-03-03
4375.0,Other,2023-12-31,2024-01-30,2024-01-30
4375.0,Other,2024-08-26,2024-09-25,2024-09-25
4375.0,Other,2024-11-10,2024-12-10,2024-12-10
4400.0,accounting_costs,2021-08-16,2021-08-31,2021-08-23
4400.0,accounting_costs,2021-07-07,2021-07-22,2021-07-13
4400.0,accounting_costs,2021-07-06,2021-07-21,2021-07-21
4400.0,accounting_costs,2021-10-15,2021-10-30,2021-10-28
4400.0,accounting_costs,2021-05-17,2021-06-01,2021-05-24
4400.0,Other,2025-03-10,2025-04-09,2025-04-09
4500.0,it_costs,2022-01-01,2022-01-31,2022-01-25
4500.0,it_costs,2023-01-01,2023-01-31,2023-01-30
4500.0,it_costs,2021-01-01,2021-01-31,2021-01-14
4527.22,Other,2023-08-01,2023-08-01,2023-08-29
4527.22,Other,2023-09-17,2023-10-17,2023-09-26
4527.22,Other,2023-06-17,2023-07-17,2023-06-26
4575.0,accounting_costs,2022-08-01,2022-08-16,2022-08-25
4575.0,accounting_costs,2023-02-01,2023-02-16,2023-03-01
4575.0,accounting_costs,2023-01-02,2023-01-17,2023-01-30
4587.22,Other,2023-05-17,2023-05-24,2023-05-29
4587.22,Other,2023-08-18,2023-09-17,2023-08-21
4587.22,Other,2023-09-23,2023-10-23,2023-09-26
5200.0,accounting_costs,2023-04-03,2023-04-18,2023-05-02
5200.0,accounting_costs,2023-09-01,2023-09-16,2023-09-26
5200.0,accounting_costs,2023-12-01,2023-12-16,2023-12-18
5200.0,accounting_costs,2023-03-01,2023-03-16,2023-04-03
5200.0,accounting_costs,2023-07-03,2023-07-18,2023-07-28
5200.0,accounting_costs,2023-05-02,2023-05-17,2023-05-29
5200.0,accounting_costs,2023-06-01,2023-06-16,2023-06-26
5200.0,Other,2024-05-13,2024-06-12,2024-06-12
5200.0,Other,2024-08-12,2024-09-11,2024-09-11
5600.0,accounting_costs,2024-02-01,2024-03-02,2024-03-04
5600.0,accounting_costs,2023-11-01,2023-11-16,2023-12-04
5600.0,Other,2024-10-14,2024-11-13,2024-11-13
5600.0,Other,2024-09-09,2024-10-09,2024-10-09
6069.0,Other,2024-12-30,2025-01-29,2025-01-29
6069.0,Other,2024-12-16,2025-01-15,2025-01-15
6069.0,Other,2024-04-15,2024-04-30,2024-04-30
6069.0,Other,2024-07-08,2024-09-20,2024-09-20
6469.0,accounting_costs,2024-01-02,2024-01-17,2024-01-17
6469.0,accounting_costs,2024-03-01,2024-03-31,2024-04-02
6469.0,Other,2024-11-11,2024-12-11,2024-12-11
7638.0,insurance_costs,2024-04-01,2024-04-30,2024-04-02
7638.0,insurance_costs,2024-03-01,2024-03-01,2024-03-01
7638.0,insurance_costs,2024-02-01,2024-02-01,2024-02-01
7646.0,Other,2025-06-05,2025-07-05,2025-07-07
7646.0,Other,2025-03-01,2025-03-31,2025-03-31
7646.0,Other,2024-12-01,2024-12-31,2025-01-02
19610.0,finance_costs,2021-03-08,2021-03-31,2021-03-16
19610.0,finance_costs,2021-10-06,2021-10-31,2021-10-26
19610.0,finance_costs,2021-04-06,2021-04-30,2021-04-16
19610.0,finance_costs,2021-09-07,2021-09-30,2021-09-28
19610.0,finance_costs,2021-08-09,2021-08-31,2021-08-17
19610.0,finance_costs,2021-02-08,2021-02-28,2021-02-12
19610.0,finance_costs,2021-07-06,2021-07-31,2021-07-26
19610.0,finance_costs,2021-05-06,2021-05-31,2021-05-24
19610.0,finance_costs,2021-06-07,2021-06-30,2021-06-29
21250.0,Other,2021-09-01,2021-10-01,2021-09-27
21250.0,rental_costs,2020-11-18,2020-11-18,2020-12-09
21250.0,rental_costs,2020-05-01,2020-05-01,2020-05-11
21250.0,rental_costs,2020-02-19,2020-02-28,2020-02-20
21250.0,rental_costs,2020-03-18,2020-03-18,2020-03-19
21250.0,rental_costs,2020-10-16,2020-10-28,2020-10-26
21250.0,rental_costs,2020-09-16,2020-09-18,2020-09-17
21250.0,rental_costs,2020-08-01,2020-08-31,2020-08-31
21250.0,rental_costs,2020-08-18,2020-08-18,2020-08-27
21250.0,rental_costs,2020-05-18,2020-05-28,2020-05-20
21250.0,rental_costs,2020-07-01,2020-07-01,2020-07-01
21730.0,finance_costs,2022-01-07,2022-01-31,2022-01-25
21730.0,finance_costs,2022-08-01,2022-08-01,2022-08-01
21730.0,finance_costs,2022-06-08,2022-06-30,2022-06-27
21730.0,finance_costs,2022-08-08,2022-08-31,2022-08-31
21730.0,finance_costs,2022-03-01,2022-03-31,2022-03-21
21730.0,finance_costs,2021-12-06,2021-12-31,2021-12-28
21730.0,finance_costs,2022-05-06,2022-05-31,2022-05-13
21730.0,finance_costs,2022-04-07,2022-04-30,2022-04-27
21730.0,finance_costs,2022-02-07,2022-02-28,2022-03-07
26500.0,finance_costs,2024-11-06,2024-11-30,2024-12-02
26500.0,finance_costs,2024-07-08,2024-07-31,2024-07-31
26500.0,finance_costs,2024-10-07,2024-10-31,2024-10-31
26500.0,finance_costs,2024-09-09,2024-09-30,2024-09-30
26500.0,finance_costs,2024-08-06,2024-08-31,2024-09-02
29150.0,finance_costs,2023-02-06,2023-02-28,2023-03-01
29150.0,finance_costs,2023-12-06,2023-12-31,2024-01-02
29150.0,finance_costs,2023-06-07,2023-06-30,2023-06-26
29150.0,finance_costs,2022-10-06,2022-10-31,2022-10-27
29150.0,finance_costs,2024-05-06,2024-05-31,2024-05-31
29150.0,finance_costs,2023-09-06,2023-09-30,2023-09-26
29150.0,finance_costs,2022-11-07,2022-11-30,2022-11-28
29150.0,finance_costs,2022-12-06,2022-12-31,2022-12-30
29150.0,finance_costs,2024-04-08,2024-04-30,2024-04-30
29150.0,finance_costs,2024-01-08,2024-01-31,2024-01-31
29150.0,finance_costs,2022-09-06,2022-09-30,2022-09-30
29150.0,finance_costs,2023-01-09,2023-01-31,2023-01-30
29150.0,finance_costs,2024-02-06,2024-02-29,2024-03-12
29150.0,finance_costs,2024-03-06,2024-03-31,2024-04-02
29150.0,finance_costs,2023-11-06,2023-11-30,2023-12-04
29150.0,finance_costs,2024-06-07,2024-06-30,2024-07-01
29150.0,finance_costs,2023-10-06,2023-10-31,2023-10-31
29150.0,finance_costs,2023-07-06,2023-07-31,2023-07-28
29150.0,finance_costs,2023-08-07,2023-08-31,2023-08-30
31250.0,Other,2023-05-31,2023-06-30,2023-06-12
31250.0,Other,2023-06-26,2023-07-14,2023-07-28
31250.0,Other,2022-11-01,2022-11-11,2022-11-22
32330.0,finance_costs,2025-05-07,2025-05-31,2025-06-19
32330.0,finance_costs,2025-07-07,2025-07-31,2025-08-07
32330.0,finance_costs,2025-06-09,2025-06-30,2025-06-30
37500.0,Other,2022-11-01,2022-12-01,2022-11-02
37500.0,Other,2021-09-30,2021-10-30,2021-10-28
37500.0,Other,2025-03-05,2025-03-26,2025-03-26
105000.0,rental_costs,2021-12-07,2021-12-31,2021-12-28
105000.0,rental_costs,2022-03-10,2022-03-31,2022-03-29
105000.0,rental_costs,2022-06-10,2022-06-30,2022-06-28
105000.0,rental_costs,2022-09-05,2022-09-30,2022-09-27
105000.0,web_page_design_costs,2021-11-01,2021-11-16,2021-11-25
195000.0,rental_costs,2023-06-13,2023-06-30,2023-06-26
195000.0,rental_costs,2023-03-09,2023-03-31,2023-04-03
195000.0,rental_costs,2022-11-29,2022-12-29,2022-12-30
253361.0,Other,2024-08-01,2024-08-30,2024-09-12
253361.0,Other,2024-03-07,2024-03-28,2024-03-28
253361.0,Other,2023-12-07,2023-12-29,2023-12-29
253361.0,Other,2024-09-11,2024-09-30,2024-09-30
257029.0,Other,2025-06-09,2025-06-30,2025-06-30
257029.0,Other,2025-03-06,2025-03-31,2025-03-31
257029.0,Other,2024-12-05,2024-12-30,2024-12-30