invoice_amount_net,invoice_amount_total,customer_number,due_date,invoice_date,final_pay_date,month_name,accounting_month,accounting_year,accounting_year_date,broker,client_anon
52000.0,65000.0,559296,2024-10-15,2024-09-30,,September,5,2024,2024-05-28,,"Mccoy, Singh and Smith"
136500.0,170625.0,559298,2024-12-04,2024-11-04,2024-12-04,November,7,2024,2024-07-04,,"Atkinson, Bishop and Cohen"
192000.0,240000.0,559298,2025-01-01,2024-11-30,2024-12-30,November,7,2024,2024-07-28,,"Atkinson, Bishop and Cohen"
133500.0,166875.0,559298,2025-02-02,2024-12-31,2025-01-31,December,8,2024,2024-08-28,,"Atkinson, Bishop and Cohen"
212800.0,266000.0,559298,2025-03-05,2025-01-31,2025-03-05,January,9,2024,2024-09-28,,"Atkinson, Bishop and Cohen"
50000.0,62500.0,559299,2025-04-03,2025-02-28,2025-04-03,February,10,2024,2024-10-28,,"Howe, Vaughn and Wilcox"
235200.0,294000.0,559298,2025-04-03,2025-02-28,2025-04-03,February,10,2024,2024-10-28,,"Atkinson, Bishop and Cohen"
50000.0,62500.0,559299,2025-05-02,2025-03-31,2025-05-02,March,11,2024,2024-11-28,,"Howe, Vaughn and Wilcox"
212800.0,266000.0,559298,2025-05-01,2025-03-31,2025-04-30,March,11,2024,2024-11-28,,"Atkinson, Bishop and Cohen"
224000.0,280000.0,559298,2025-06-05,2025-04-30,2025-06-05,April,12,2024,2024-12-28,,"Atkinson, Bishop and Cohen"
10500.0,13125.0,40,2025-06-30,2025-05-31,2025-06-30,May,1,2025,2025-01-28,,Mcgee-Mendoza
102259.01,127824.0,559298,2025-06-30,2025-05-31,2025-06-30,May,1,2025,2025-01-28,,"Atkinson, Bishop and Cohen"
42750.0,53438.0,40,2025-07-30,2025-06-30,2025-07-30,June,2,2025,2025-02-28,,Mcgee-Mendoza
45150.0,56438.0,41,2025-08-08,2025-06-30,2025-08-08,June,2,2025,2025-02-28,,"Smith, Guerrero and Howell"
5600.0,7000.0,559298,2025-07-30,2025-06-30,2025-07-30,June,2,2025,2025-02-28,,"Atkinson, Bishop and Cohen"
15400.0,19250.0,559298,2025-08-30,2025-07-31,2025-08-29,July,3,2025,2025-03-28,,"Atkinson, Bishop and Cohen"
17250.0,21563.0,40,2025-08-30,2025-07-31,2025-09-01,July,3,2025,2025-03-28,,Mcgee-Mendoza
19600.0,24500.0,41,2025-08-30,2025-07-31,2025-08-29,July,3,2025,2025-03-28,,"Smith, Guerrero and Howell"
34300.0,42875.0,559298,2025-09-30,2025-08-31,,August,4,2025,2025-04-28,,"Atkinson, Bishop and Cohen"
96600.0,120750.0,41,2025-09-30,2025-08-31,,August,4,2025,2025-04-28,,"Smith, Guerrero and Howell"
53250.0,66563.0,40,2025-09-30,2025-08-31,,August,4,2025,2025-04-28,,Mcgee-Mendoza
115747.5,144684.0,2,2019-08-16,2019-06-30,2019-08-20,June,2,2019,2019-02-28,Broker,Woods-Myers
34155.0,42694.0,2,2019-09-16,2019-07-31,2019-09-18,July,3,2019,2019-03-28,Broker,Woods-Myers
140415.0,175519.0,2,2019-10-18,2019-08-31,2019-10-28,August,4,2019,2019-04-28,Broker,Woods-Myers
185955.0,232444.0,2,2019-11-16,2019-09-30,2019-11-29,September,5,2019,2019-05-28,Broker,Woods-Myers
189750.0,237188.0,2,2019-12-17,2019-10-31,2019-12-18,October,6,2019,2019-06-28,Broker,Woods-Myers
189750.0,237188.0,2,2020-01-17,2019-11-30,2020-01-17,November,7,2019,2019-07-28,Broker,Woods-Myers
148005.0,185006.0,2,2020-02-20,2019-12-31,2020-02-14,December,8,2019,2019-08-28,Broker,Woods-Myers
132000.0,165000.0,2,2020-02-20,2019-12-31,2020-02-14,December,8,2019,2019-08-28,Broker,Woods-Myers
167200.0,209000.0,2,2020-03-19,2020-01-31,2020-03-27,January,9,2019,2019-09-28,Broker,Woods-Myers
180262.5,225328.0,2,2020-03-19,2020-01-31,2020-03-27,January,9,2019,2019-09-28,Broker,Woods-Myers
167200.0,209000.0,2,2020-04-17,2020-02-29,2020-04-20,February,10,2019,2019-10-28,Broker,Woods-Myers
161287.5,201609.0,2,2020-04-17,2020-02-29,2020-04-20,February,10,2019,2019-10-28,Broker,Woods-Myers
119542.5,149428.0,2,2020-05-20,2020-03-31,2020-05-20,March,11,2019,2019-11-28,Broker,Woods-Myers
176000.0,220000.0,2,2020-05-08,2020-04-08,2020-05-20,April,12,2019,2019-12-08,Broker,Woods-Myers
165082.5,206353.0,2,2020-06-19,2020-04-30,2020-06-23,April,12,2019,2019-12-28,Broker,Woods-Myers
167200.0,209000.0,2,2020-06-19,2020-04-30,2020-07-01,April,12,2019,2019-12-28,Broker,Woods-Myers
158400.0,198000.0,2,2020-07-17,2020-05-31,2020-07-21,May,1,2020,2020-01-28,Broker,Woods-Myers
184057.5,230072.0,2,2020-07-17,2020-05-31,2020-07-21,May,1,2020,2020-01-28,Broker,Woods-Myers
176000.0,220000.0,2,2020-08-21,2020-06-30,2020-08-20,June,2,2020,2020-02-28,Broker,Woods-Myers
176467.5,220584.0,2,2020-08-21,2020-06-30,2020-08-20,June,2,2020,2020-02-28,Broker,Woods-Myers
24667.5,30834.0,2,2020-09-17,2020-07-31,2020-09-18,July,3,2020,2020-03-28,Broker,Woods-Myers
48400.0,60500.0,2,2020-09-17,2020-07-31,2020-09-18,July,3,2020,2020-03-28,Broker,Woods-Myers
138517.5,173147.0,2,2020-10-16,2020-08-31,2020-10-23,August,4,2020,2020-04-28,Broker,Woods-Myers
132000.0,165000.0,2,2020-10-16,2020-08-31,2020-10-23,August,4,2020,2020-04-28,Broker,Woods-Myers
178365.0,222956.0,2,2020-11-19,2020-09-30,2020-11-23,September,5,2020,2020-05-28,Broker,Woods-Myers
193600.0,242000.0,2,2020-11-19,2020-09-30,2020-11-23,September,5,2020,2020-05-28,Broker,Woods-Myers
180262.5,225328.0,2,2020-12-18,2020-10-31,2020-12-21,October,6,2020,2020-06-28,Broker,Woods-Myers
196560.0,245700.0,5,2020-12-03,2020-10-31,2020-12-03,October,6,2020,2020-06-28,Broker,"Bush, Sawyer and Chambers"
193600.0,242000.0,2,2020-12-18,2020-10-31,2020-12-21,October,6,2020,2020-06-28,Broker,Woods-Myers
180400.0,225500.0,2,2021-01-19,2020-11-30,2021-01-20,November,7,2020,2020-07-28,Broker,Woods-Myers
182520.0,228150.0,5,2021-01-07,2020-11-30,2021-01-07,November,7,2020,2020-07-28,Broker,"Bush, Sawyer and Chambers"
189750.0,237188.0,2,2021-01-19,2020-11-30,2021-03-03,November,7,2020,2020-07-28,Broker,Woods-Myers
140800.0,176000.0,2,2021-02-19,2020-12-31,2021-02-25,December,8,2020,2020-08-28,Broker,Woods-Myers
159390.0,199238.0,2,2021-02-19,2020-12-31,2021-02-25,December,8,2020,2020-08-28,Broker,Woods-Myers
166140.0,207675.0,5,2021-02-26,2020-12-31,2021-02-03,December,8,2020,2020-08-28,Broker,"Bush, Sawyer and Chambers"
110055.0,137569.0,2,2021-03-02,2021-01-31,2021-03-23,January,9,2020,2020-09-28,Broker,Woods-Myers
177840.0,222300.0,5,2021-03-19,2021-01-31,2021-03-03,January,9,2020,2020-09-28,Broker,"Bush, Sawyer and Chambers"
88000.0,110000.0,2,2021-03-19,2021-01-31,2021-03-23,January,9,2020,2020-09-28,Broker,Woods-Myers
148500.0,185625.0,2,2021-04-19,2021-02-28,2021-04-20,February,10,2020,2020-10-28,Broker,Woods-Myers
169650.0,212063.0,5,2021-04-08,2021-02-28,2021-04-06,February,10,2020,2020-10-28,Broker,"Bush, Sawyer and Chambers"
113850.0,142313.0,2,2021-04-19,2021-02-28,2021-04-20,February,10,2020,2020-10-28,Broker,Woods-Myers
198900.0,248625.0,5,2021-05-05,2021-03-31,2021-05-06,March,11,2020,2020-11-28,Broker,"Bush, Sawyer and Chambers"
191400.0,239250.0,2,2021-05-19,2021-03-31,2021-05-19,March,11,2020,2020-11-28,Broker,Woods-Myers
110055.0,137569.0,2,2021-05-19,2021-03-31,2021-05-19,March,11,2020,2020-11-28,Broker,Woods-Myers
170820.0,213525.0,5,2021-05-30,2021-04-30,2021-06-03,April,12,2020,2020-12-28,Broker,"Bush, Sawyer and Chambers"
165000.0,206250.0,2,2021-06-18,2021-04-30,2021-06-18,April,12,2020,2020-12-28,Broker,Woods-Myers
182600.0,228250.0,2,2021-07-19,2021-05-31,2021-07-21,May,1,2021,2021-01-28,Broker,Woods-Myers
138060.0,172575.0,5,2021-07-05,2021-05-31,2021-07-05,May,1,2021,2021-01-28,Broker,"Bush, Sawyer and Chambers"
129600.0,162000.0,9,2021-06-30,2021-05-31,2021-07-13,May,1,2021,2021-01-28,Broker,Vaughan LLC
129600.0,162000.0,9,2021-08-04,2021-06-30,2021-08-04,June,2,2021,2021-02-28,Broker,Vaughan LLC
83200.0,104000.0,9,2021-08-18,2021-06-30,2021-08-19,June,2,2021,2021-02-28,Broker,Vaughan LLC
146880.0,183600.0,5,2021-08-04,2021-06-30,2021-08-04,June,2,2021,2021-02-28,Broker,"Bush, Sawyer and Chambers"
131040.0,163800.0,5,2021-08-06,2021-06-30,2021-08-04,June,2,2021,2021-02-28,Broker,"Bush, Sawyer and Chambers"
174900.0,218625.0,2,2021-08-20,2021-06-30,2021-08-18,June,2,2021,2021-02-28,Broker,Woods-Myers
52000.0,65000.0,9,2021-09-10,2021-07-30,2021-09-15,July,3,2021,2021-03-28,Broker,Vaughan LLC
46200.0,57750.0,2,2021-09-17,2021-07-31,2021-09-20,July,3,2021,2021-03-28,Broker,Woods-Myers
97200.0,121500.0,9,2021-08-30,2021-07-31,2021-09-06,July,3,2021,2021-03-28,Broker,Vaughan LLC
56100.0,70125.0,2,2021-10-20,2021-08-31,2021-10-21,August,4,2021,2021-04-28,Broker,Woods-Myers
312000.0,390000.0,9,2021-10-20,2021-08-31,2021-10-20,August,4,2021,2021-04-28,Broker,Vaughan LLC
58320.0,72900.0,9,2021-10-05,2021-08-31,2021-10-05,August,4,2021,2021-04-28,Broker,Vaughan LLC
110160.0,137700.0,9,2021-11-12,2021-09-30,2021-11-04,September,5,2021,2021-05-28,Broker,Vaughan LLC
190080.0,237600.0,5,2021-11-18,2021-09-30,2021-11-03,September,5,2021,2021-05-28,Broker,"Bush, Sawyer and Chambers"
134200.0,167750.0,2,2021-11-19,2021-09-30,2021-12-21,September,5,2021,2021-05-28,Broker,Woods-Myers
145600.0,182000.0,9,2021-11-11,2021-09-30,2021-11-17,September,5,2021,2021-05-28,Broker,Vaughan LLC
201600.0,252000.0,5,2021-12-03,2021-10-31,2021-12-07,October,6,2021,2021-06-28,Broker,"Bush, Sawyer and Chambers"
136080.0,170100.0,9,2021-12-03,2021-10-31,2021-12-06,October,6,2021,2021-06-28,Broker,Vaughan LLC
181440.0,226800.0,5,2021-11-30,2021-10-31,2021-12-03,October,6,2021,2021-06-28,Broker,"Bush, Sawyer and Chambers"
141700.0,177125.0,9,2021-12-05,2021-10-31,2021-12-06,October,6,2021,2021-06-28,Broker,Vaughan LLC
-201600.0,-252000.0,5,2021-11-30,2021-10-31,2021-12-07,October,6,2021,2021-06-28,Broker,"Bush, Sawyer and Chambers"
140800.0,176000.0,2,2021-11-12,2021-10-31,2021-12-21,October,6,2021,2021-06-28,Broker,Woods-Myers
239200.0,299000.0,9,2021-12-22,2021-11-12,2021-12-22,November,7,2021,2021-07-12,Broker,Vaughan LLC
190080.0,237600.0,5,2022-01-06,2021-11-30,2022-01-05,November,7,2021,2021-07-28,Broker,"Bush, Sawyer and Chambers"
196300.0,245375.0,9,2022-01-07,2021-11-30,2022-01-04,November,7,2021,2021-07-28,Broker,Vaughan LLC
187200.0,234000.0,9,2022-01-19,2021-11-30,2022-01-19,November,7,2021,2021-07-28,Broker,Vaughan LLC
123840.0,154800.0,9,2022-01-07,2021-11-30,2022-01-04,November,7,2021,2021-07-28,Broker,Vaughan LLC
19440.0,24300.0,9,2022-01-07,2021-11-30,2022-01-04,November,7,2021,2021-07-28,Broker,Vaughan LLC
82560.0,103200.0,9,2022-02-04,2021-12-30,2022-02-03,December,8,2021,2021-08-28,Broker,Vaughan LLC
43200.0,54000.0,5,2022-02-04,2021-12-31,2022-02-03,December,8,2021,2021-08-28,Broker,"Bush, Sawyer and Chambers"
148200.0,185250.0,9,2022-02-04,2021-12-31,2022-02-04,December,8,2021,2021-08-28,Broker,Vaughan LLC
93600.0,117000.0,9,2022-02-04,2021-12-31,2022-02-16,December,8,2021,2021-08-28,Broker,Vaughan LLC
280800.0,351000.0,9,2022-03-23,2022-01-31,2022-03-23,January,9,2021,2021-09-28,Broker,Vaughan LLC
172900.0,216125.0,9,2022-03-07,2022-01-31,2022-03-07,January,9,2021,2021-09-28,Broker,Vaughan LLC
88000.0,110000.0,5,2022-04-08,2022-02-28,2022-04-05,February,10,2021,2021-10-28,Broker,"Bush, Sawyer and Chambers"
195000.0,243750.0,9,2022-04-08,2022-02-28,2022-04-13,February,10,2021,2021-10-28,Broker,Vaughan LLC
145600.0,182000.0,9,2022-04-08,2022-02-28,2022-04-21,February,10,2021,2021-10-28,Broker,Vaughan LLC
52000.0,65000.0,18,2022-04-08,2022-03-09,2022-04-08,March,11,2021,2021-11-09,Broker,Ross Ltd
184000.0,230000.0,5,2022-05-13,2022-03-31,2022-05-04,March,11,2021,2021-11-28,Broker,"Bush, Sawyer and Chambers"
55500.0,69375.0,18,2022-05-06,2022-03-31,2022-05-06,March,11,2021,2021-11-28,Broker,Ross Ltd
228800.0,286000.0,9,2022-05-13,2022-03-31,2022-05-05,March,11,2021,2021-11-28,Broker,Vaughan LLC
169000.0,211250.0,9,2022-06-07,2022-04-30,2022-06-07,April,12,2021,2021-12-28,Broker,Vaughan LLC
32000.0,40000.0,5,2022-06-07,2022-04-30,2022-06-03,April,12,2021,2021-12-28,Broker,"Bush, Sawyer and Chambers"
144000.0,180000.0,5,2022-06-07,2022-04-30,2022-06-03,April,12,2021,2021-12-28,Broker,"Bush, Sawyer and Chambers"
197600.0,247000.0,9,2022-07-15,2022-05-31,2022-07-05,May,1,2022,2022-01-28,Broker,Vaughan LLC
160000.0,200000.0,5,2022-07-08,2022-05-31,2022-07-05,May,1,2022,2022-01-28,Broker,"Bush, Sawyer and Chambers"
160000.0,200000.0,5,2022-07-08,2022-05-31,2022-07-05,May,1,2022,2022-01-28,Broker,"Bush, Sawyer and Chambers"
144000.0,180000.0,5,2022-08-08,2022-06-30,2022-08-03,June,2,2022,2022-02-28,Broker,"Bush, Sawyer and Chambers"
40000.0,40000.0,22,2022-07-30,2022-06-30,2022-07-28,June,2,2022,2022-02-28,Broker,Carrillo Inc
91000.0,113750.0,9,2022-08-04,2022-06-30,2022-08-15,June,2,2022,2022-02-28,Broker,Vaughan LLC
116000.0,145000.0,5,2022-08-08,2022-06-30,2022-08-03,June,2,2022,2022-02-28,Broker,"Bush, Sawyer and Chambers"
26000.0,32500.0,18,2022-09-05,2022-07-31,2022-09-05,July,3,2022,2022-03-28,Broker,Ross Ltd
60000.0,60000.0,22,2022-09-05,2022-07-31,2022-08-26,July,3,2022,2022-03-28,Broker,Carrillo Inc
39000.0,48750.0,9,2022-09-05,2022-07-31,2022-09-05,July,3,2022,2022-03-28,Broker,Vaughan LLC
72000.0,90000.0,5,2022-09-05,2022-07-31,2022-09-05,July,3,2022,2022-03-28,Broker,"Bush, Sawyer and Chambers"
80000.0,100000.0,5,2022-09-05,2022-07-31,2022-09-05,July,3,2022,2022-03-28,Broker,"Bush, Sawyer and Chambers"
104000.0,130000.0,9,2022-10-05,2022-08-31,2022-10-05,August,4,2022,2022-04-28,Broker,Vaughan LLC
26400.0,26400.0,24,2022-09-05,2022-08-31,2022-10-05,August,4,2022,2022-04-28,Broker,Miller-Spencer
104000.0,130000.0,5,2022-10-07,2022-08-31,2022-10-05,August,4,2022,2022-04-28,Broker,"Bush, Sawyer and Chambers"
184000.0,230000.0,5,2022-10-07,2022-08-31,2022-10-05,August,4,2022,2022-04-28,Broker,"Bush, Sawyer and Chambers"
88000.0,88000.0,22,2022-09-30,2022-08-31,2022-09-28,August,4,2022,2022-04-28,Broker,Carrillo Inc
120000.0,120000.0,22,2022-09-30,2022-08-31,2022-09-28,August,4,2022,2022-04-28,Broker,Carrillo Inc
202500.0,202500.0,22,2022-11-07,2022-09-30,2022-10-21,September,5,2022,2022-05-28,Broker,Carrillo Inc
114400.0,143000.0,9,2022-11-07,2022-09-30,2022-11-04,September,5,2022,2022-05-28,Broker,Vaughan LLC
149600.0,149600.0,22,2022-11-07,2022-09-30,2022-10-21,September,5,2022,2022-05-28,Broker,Carrillo Inc
193600.0,193600.0,24,2022-11-04,2022-09-30,2022-11-08,September,5,2022,2022-05-28,Broker,Miller-Spencer
176000.0,220000.0,5,2022-11-04,2022-09-30,2022-11-03,September,5,2022,2022-05-28,Broker,"Bush, Sawyer and Chambers"
176000.0,220000.0,5,2022-11-04,2022-09-30,2022-11-03,September,5,2022,2022-05-28,Broker,"Bush, Sawyer and Chambers"
184800.0,184800.0,24,2022-12-07,2022-10-31,2022-12-06,October,6,2022,2022-06-28,Broker,Miller-Spencer
90000.0,90000.0,22,2022-12-07,2022-10-31,2022-11-23,October,6,2022,2022-06-28,Broker,Carrillo Inc
103669.2,129587.0,25,2022-12-12,2022-10-31,2022-12-13,October,6,2022,2022-06-28,Broker,Dominguez-Harper
149600.0,149600.0,22,2022-12-08,2022-10-31,2022-11-23,October,6,2022,2022-06-28,Broker,Carrillo Inc
168000.0,210000.0,5,2022-12-09,2022-10-31,2022-12-05,October,6,2022,2022-06-28,Broker,"Bush, Sawyer and Chambers"
96800.0,96800.0,22,2022-12-14,2022-10-31,2022-11-24,October,6,2022,2022-06-28,Broker,Carrillo Inc
149600.0,149600.0,22,2023-01-09,2022-11-30,2022-12-30,November,7,2022,2022-07-28,Broker,Carrillo Inc
160000.0,200000.0,5,2023-01-06,2022-11-30,2023-01-04,November,7,2022,2022-07-28,Broker,"Bush, Sawyer and Chambers"
123200.0,123200.0,22,2023-01-05,2022-11-30,2022-12-30,November,7,2022,2022-07-28,Broker,Carrillo Inc
164142.9,205179.0,25,2023-01-06,2022-11-30,2023-01-10,November,7,2022,2022-07-28,Broker,Dominguez-Harper
176000.0,176000.0,24,2023-01-05,2022-11-30,2023-01-09,November,7,2022,2022-07-28,Broker,Miller-Spencer
37436.1,46795.0,25,2023-01-30,2022-12-31,2023-02-14,December,8,2022,2022-08-28,Broker,Dominguez-Harper
108000.0,135000.0,5,2023-02-07,2022-12-31,2023-02-03,December,8,2022,2022-08-28,Broker,"Bush, Sawyer and Chambers"
140800.0,140800.0,22,2023-02-07,2022-12-31,2023-01-27,December,8,2022,2022-08-28,Broker,Carrillo Inc
132000.0,132000.0,24,2023-02-08,2022-12-31,2023-02-06,December,8,2022,2022-08-28,Broker,Miller-Spencer
132000.0,132000.0,22,2023-02-07,2022-12-31,2023-01-27,December,8,2022,2022-08-28,Broker,Carrillo Inc
-8000.0,-10000.0,5,2022-12-31,2022-12-31,2023-01-04,December,8,2022,2022-08-28,Broker,"Bush, Sawyer and Chambers"
136000.0,170000.0,5,2023-03-09,2023-01-31,2023-03-03,January,9,2022,2022-09-28,Broker,"Bush, Sawyer and Chambers"
158400.0,158400.0,22,2023-03-06,2023-01-31,2023-02-28,January,9,2022,2022-09-28,Broker,Carrillo Inc
-145200.0,-145200.0,22,2023-03-02,2023-01-31,2023-01-31,January,9,2022,2022-09-28,Broker,Carrillo Inc
86000.0,86000.0,22,2023-03-07,2023-01-31,2023-04-30,January,9,2022,2022-09-28,Broker,Carrillo Inc
145200.0,145200.0,22,2023-03-01,2023-01-31,2023-01-31,January,9,2022,2022-09-28,Broker,Carrillo Inc
145200.0,181500.0,26,2023-02-28,2023-01-31,2023-05-15,January,9,2022,2022-09-28,Broker,Carrillo Inc
30000.0,30000.0,22,2023-03-10,2023-01-31,2023-02-28,January,9,2022,2022-09-28,Broker,Carrillo Inc
11518.8,14399.0,25,2023-03-02,2023-01-31,2023-03-14,January,9,2022,2022-09-28,Broker,Dominguez-Harper
136400.0,136400.0,24,2023-03-10,2023-02-08,2023-03-09,February,10,2022,2022-10-08,Broker,Miller-Spencer
160000.0,200000.0,5,2023-04-06,2023-02-28,2023-04-05,February,10,2022,2022-10-28,Broker,"Bush, Sawyer and Chambers"
167200.0,209000.0,26,2023-03-28,2023-02-28,2023-03-01,February,10,2022,2022-10-28,Broker,Carrillo Inc
88000.0,88000.0,22,2023-04-07,2023-02-28,2023-03-27,February,10,2022,2022-10-28,Broker,Carrillo Inc
158400.0,158400.0,24,2023-04-07,2023-02-28,2023-04-13,February,10,2022,2022-10-28,Broker,Miller-Spencer
160000.0,160000.0,22,2023-03-28,2023-03-15,2023-03-27,March,11,2022,2022-11-15,Broker,Carrillo Inc
180400.0,180400.0,24,2023-05-09,2023-03-31,2023-05-04,March,11,2022,2022-11-28,Broker,Miller-Spencer
184000.0,230000.0,5,2023-05-10,2023-03-31,2023-05-04,March,11,2022,2022-11-28,Broker,"Bush, Sawyer and Chambers"
144000.0,144000.0,22,2023-04-30,2023-03-31,2023-04-27,March,11,2022,2022-11-28,Broker,Carrillo Inc
140800.0,176000.0,26,2023-04-30,2023-03-31,2023-04-27,March,11,2022,2022-11-28,Broker,Carrillo Inc
0.0,0.0,31,2023-05-30,2023-04-30,,April,12,2022,2022-12-28,Broker,"Collins, English and Aguirre"
120000.0,150000.0,5,2023-06-05,2023-04-30,2023-06-07,April,12,2022,2022-12-28,Broker,"Bush, Sawyer and Chambers"
-86000.0,-86000.0,22,2023-04-30,2023-04-30,2023-04-30,April,12,2022,2022-12-28,Broker,Carrillo Inc
0.0,0.0,31,2023-05-30,2023-04-30,,April,12,2022,2022-12-28,Broker,"Collins, English and Aguirre"
132000.0,132000.0,22,2023-05-30,2023-04-30,2023-05-26,April,12,2022,2022-12-28,Broker,Carrillo Inc
66000.0,66000.0,24,2023-06-05,2023-04-30,2023-06-02,April,12,2022,2022-12-28,Broker,Miller-Spencer
125000.0,125000.0,22,2023-07-07,2023-05-31,2023-06-27,May,1,2023,2023-01-28,Broker,Carrillo Inc
80000.0,100000.0,5,2023-06-30,2023-05-31,2023-07-05,May,1,2023,2023-01-28,Broker,"Bush, Sawyer and Chambers"
167200.0,167200.0,24,2023-06-30,2023-05-31,2023-07-06,May,1,2023,2023-01-28,Broker,Miller-Spencer
149600.0,149600.0,24,2023-08-04,2023-06-30,2023-08-08,June,2,2023,2023-02-28,Broker,Miller-Spencer
174000.0,174000.0,22,2023-08-04,2023-06-30,2023-07-28,June,2,2023,2023-02-28,Broker,Carrillo Inc
220200.0,275250.0,32,2023-10-11,2023-07-31,2023-10-16,July,3,2023,2023-03-28,Broker,"Ross, Benson and Bennett"
40000.0,40000.0,22,2023-10-06,2023-08-31,2023-09-06,August,4,2023,2023-04-28,Broker,Carrillo Inc
86400.0,108000.0,32,2023-11-04,2023-08-31,2023-11-10,August,4,2023,2023-04-28,Broker,"Ross, Benson and Bennett"
201600.0,252000.0,32,2023-12-06,2023-09-30,2023-12-08,September,5,2023,2023-05-28,Broker,"Ross, Benson and Bennett"
211200.0,264000.0,32,2024-01-01,2023-10-31,2024-01-11,October,6,2023,2023-06-28,Broker,"Ross, Benson and Bennett"
182400.0,228000.0,32,2024-01-31,2023-11-30,2024-02-08,November,7,2023,2023-07-28,Broker,"Ross, Benson and Bennett"
-211200.0,-264000.0,32,2024-01-30,2023-12-31,2023-12-31,December,8,2023,2023-08-28,Broker,"Ross, Benson and Bennett"
136800.0,171000.0,32,2024-03-09,2023-12-31,2024-03-08,December,8,2023,2023-08-28,Broker,"Ross, Benson and Bennett"
112000.0,140000.0,9,2024-02-04,2023-12-31,2024-02-05,December,8,2023,2023-08-28,Broker,Vaughan LLC
211200.0,264000.0,32,2024-03-02,2023-12-31,2023-12-31,December,8,2023,2023-08-28,Broker,"Ross, Benson and Bennett"
96000.0,120000.0,37,2024-03-04,2024-01-31,2024-03-01,January,9,2023,2023-09-28,Broker,Carroll Inc
201640.0,252050.0,35,2024-03-01,2024-01-31,2024-02-09,January,9,2023,2023-09-28,Broker,Lynch Ltd
144000.0,180000.0,9,2024-03-01,2024-01-31,2024-03-06,January,9,2023,2023-09-28,Broker,Vaughan LLC
172800.0,216000.0,32,2024-03-01,2024-01-31,2024-04-11,January,9,2023,2023-09-28,Broker,"Ross, Benson and Bennett"
2346.0,2933.0,32,2024-04-13,2024-02-06,2024-04-19,February,10,2023,2023-10-06,Broker,"Ross, Benson and Bennett"
152000.0,190000.0,9,2024-04-05,2024-02-29,2024-04-04,February,10,2023,2023-10-28,Broker,Vaughan LLC
192000.0,240000.0,32,2024-04-05,2024-02-29,2024-04-24,February,10,2023,2023-10-28,Broker,"Ross, Benson and Bennett"
192000.0,240000.0,37,2024-04-05,2024-02-29,2024-04-02,February,10,2023,2023-10-28,Broker,Carroll Inc
235720.0,294650.0,35,2024-04-02,2024-02-29,2024-03-15,February,10,2023,2023-10-28,Broker,Lynch Ltd
2417.0,3021.0,32,2024-05-08,2024-03-04,2024-05-10,March,11,2023,2023-11-04,Broker,"Ross, Benson and Bennett"
187200.0,234000.0,37,2024-05-02,2024-03-31,2024-04-30,March,11,2023,2023-11-28,Broker,Carroll Inc
144000.0,180000.0,9,2024-05-03,2024-03-31,2024-05-06,March,11,2023,2023-11-28,Broker,Vaughan LLC
213000.0,266250.0,35,2024-05-02,2024-03-31,2024-04-04,March,11,2023,2023-11-28,Broker,Lynch Ltd
172800.0,216000.0,32,2024-06-07,2024-03-31,2024-06-10,March,11,2023,2023-11-28,Broker,"Ross, Benson and Bennett"
177600.0,222000.0,32,2024-07-03,2024-04-30,2024-07-09,April,12,2023,2023-12-28,Broker,"Ross, Benson and Bennett"
168000.0,210000.0,9,2024-06-03,2024-04-30,2024-06-04,April,12,2023,2023-12-28,Broker,Vaughan LLC
182400.0,228000.0,37,2024-06-03,2024-04-30,2024-05-30,April,12,2023,2023-12-28,Broker,Carroll Inc
204480.0,255600.0,35,2024-06-03,2024-04-30,2024-05-13,April,12,2023,2023-12-28,Broker,Lynch Ltd
1828.0,2285.0,32,2024-07-15,2024-05-15,2024-07-09,May,1,2024,2024-01-15,Broker,"Ross, Benson and Bennett"
160000.0,200000.0,9,2024-07-05,2024-05-31,2024-07-05,May,1,2024,2024-01-28,Broker,Vaughan LLC
182400.0,228000.0,32,2024-08-06,2024-05-31,2024-08-08,May,1,2024,2024-01-28,Broker,"Ross, Benson and Bennett"
-9600.0,-12000.0,37,2024-06-30,2024-05-31,2024-07-01,May,1,2024,2024-01-28,Broker,Carroll Inc
201600.0,252000.0,37,2024-07-02,2024-05-31,2024-07-01,May,1,2024,2024-01-28,Broker,Carroll Inc
9600.0,12000.0,37,2024-06-30,2024-05-31,2024-07-01,May,1,2024,2024-01-28,Broker,Carroll Inc
205900.0,257375.0,35,2024-07-02,2024-05-31,2024-06-11,May,1,2024,2024-01-28,Broker,Lynch Ltd
130640.0,163300.0,35,2024-07-30,2024-06-30,2024-07-12,June,2,2024,2024-02-28,Broker,Lynch Ltd
172800.0,216000.0,37,2024-07-30,2024-06-30,2024-07-30,June,2,2024,2024-02-28,Broker,Carroll Inc
158400.0,198000.0,32,2024-09-09,2024-06-30,2024-09-09,June,2,2024,2024-02-28,Broker,"Ross, Benson and Bennett"
132000.0,165000.0,9,2024-08-08,2024-06-30,2024-08-05,June,2,2024,2024-02-28,Broker,Vaughan LLC
49300.0,61625.0,559292,2024-08-14,2024-06-30,2024-08-14,June,2,2024,2024-02-28,Broker,Walker Ltd
96000.0,120000.0,37,2024-09-06,2024-07-31,2024-08-30,July,3,2024,2024-03-28,Broker,Carroll Inc
101150.0,126438.0,559292,2024-09-06,2024-07-31,2024-09-09,July,3,2024,2024-03-28,Broker,Walker Ltd
144000.0,180000.0,32,2024-10-08,2024-07-31,2024-10-10,July,3,2024,2024-03-28,Broker,"Ross, Benson and Bennett"
107920.0,134900.0,35,2024-09-02,2024-07-31,2024-08-09,July,3,2024,2024-03-28,Broker,Lynch Ltd
64000.0,80000.0,9,2024-09-06,2024-07-31,2024-09-04,July,3,2024,2024-03-28,Broker,Vaughan LLC
0.0,0.0,37,2024-09-12,2024-08-13,,August,4,2024,2024-04-13,Broker,Carroll Inc
68000.0,85000.0,559292,2024-10-01,2024-08-31,2024-10-07,August,4,2024,2024-04-28,Broker,Walker Ltd
133480.0,166850.0,35,2024-10-01,2024-08-31,2024-09-24,August,4,2024,2024-04-28,Broker,Lynch Ltd
177600.0,222000.0,32,2024-11-06,2024-08-31,2024-11-11,August,4,2024,2024-04-28,Broker,"Ross, Benson and Bennett"
144000.0,180000.0,37,2024-10-04,2024-08-31,2024-09-30,August,4,2024,2024-04-28,Broker,Carroll Inc
2284.0,2855.0,32,2024-11-04,2024-09-01,2024-11-01,September,5,2024,2024-05-01,Broker,"Ross, Benson and Bennett"
142800.0,178500.0,559292,2024-11-15,2024-09-30,2024-11-14,September,5,2024,2024-05-28,Broker,Walker Ltd
201600.0,252000.0,37,2024-10-31,2024-09-30,2024-10-30,September,5,2024,2024-05-28,Broker,Carroll Inc
104160.0,130200.0,559297,2024-10-30,2024-09-30,2024-11-18,September,5,2024,2024-05-28,Broker,"Mercer, Barker and Gilbert"
148800.0,186000.0,32,2024-11-29,2024-09-30,2024-12-12,September,5,2024,2024-05-28,Broker,"Ross, Benson and Bennett"
228620.0,285775.0,35,2024-11-01,2024-09-30,2024-10-18,September,5,2024,2024-05-28,Broker,Lynch Ltd
168000.0,210000.0,32,2025-01-03,2024-10-31,2025-01-10,October,6,2024,2024-06-28,Broker,"Ross, Benson and Bennett"
112320.0,140400.0,26,2024-12-06,2024-10-31,2024-11-27,October,6,2024,2024-06-28,Broker,Carrillo Inc
201600.0,252000.0,37,2024-12-04,2024-10-31,2024-12-02,October,6,2024,2024-06-28,Broker,Carroll Inc
213280.0,266600.0,559297,2024-12-13,2024-10-31,2024-12-16,October,6,2024,2024-06-28,Broker,"Mercer, Barker and Gilbert"
245660.0,307075.0,35,2024-12-04,2024-10-31,2024-11-12,October,6,2024,2024-06-28,Broker,Lynch Ltd
156400.0,195500.0,559292,2024-12-16,2024-10-31,2024-12-16,October,6,2024,2024-06-28,Broker,Walker Ltd
102500.0,128125.0,31,2024-12-06,2024-10-31,2024-12-04,October,6,2024,2024-06-28,Broker,"Collins, English and Aguirre"
90880.0,113600.0,35,2025-01-02,2024-11-30,2024-12-06,November,7,2024,2024-07-28,Broker,Lynch Ltd
105600.0,132000.0,32,2025-02-06,2024-11-30,2025-02-06,November,7,2024,2024-07-28,Broker,"Ross, Benson and Bennett"
198400.0,248000.0,559297,2025-01-01,2024-11-30,2025-01-16,November,7,2024,2024-07-28,Broker,"Mercer, Barker and Gilbert"
181440.0,226800.0,26,2025-01-01,2024-11-30,2024-12-20,November,7,2024,2024-07-28,Broker,Carrillo Inc
201600.0,252000.0,37,2025-01-01,2024-11-30,2024-12-30,November,7,2024,2024-07-28,Broker,Carroll Inc
118150.0,147688.0,559292,2025-01-15,2024-11-30,2025-01-15,November,7,2024,2024-07-28,Broker,Walker Ltd
159900.0,199875.0,31,2025-01-01,2024-11-30,2025-01-07,November,7,2024,2024-07-28,Broker,"Collins, English and Aguirre"
112320.0,140400.0,26,2025-02-02,2024-12-31,2025-01-27,December,8,2024,2024-08-28,Broker,Carrillo Inc
118900.0,148625.0,31,2025-02-02,2024-12-31,2025-02-05,December,8,2024,2024-08-28,Broker,"Collins, English and Aguirre"
98600.0,123250.0,559292,2025-02-14,2024-12-31,2025-02-06,December,8,2024,2024-08-28,Broker,Walker Ltd
102240.0,127800.0,35,2025-02-02,2024-12-31,2025-01-10,December,8,2024,2024-08-28,Broker,Lynch Ltd
144000.0,180000.0,37,2025-02-02,2024-12-31,2025-01-30,December,8,2024,2024-08-28,Broker,Carroll Inc
143840.0,179800.0,559297,2025-02-02,2024-12-31,2025-02-17,December,8,2024,2024-08-28,Broker,"Mercer, Barker and Gilbert"
91200.0,114000.0,32,2025-03-02,2024-12-31,2025-03-13,December,8,2024,2024-08-28,Broker,"Ross, Benson and Bennett"
151200.0,189000.0,26,2025-03-05,2025-01-31,2025-02-27,January,9,2024,2024-09-28,Broker,Carrillo Inc
182400.0,228000.0,37,2025-03-05,2025-01-31,2025-03-03,January,9,2024,2024-09-28,Broker,Carroll Inc
75255.0,94069.0,559292,2025-03-14,2025-01-31,2025-03-05,January,9,2024,2024-09-28,Broker,Walker Ltd
147600.0,184500.0,31,2025-03-05,2025-01-31,2025-03-05,January,9,2024,2024-09-28,Broker,"Collins, English and Aguirre"
188480.0,235600.0,559297,2025-03-05,2025-01-31,2025-03-21,January,9,2024,2024-09-28,Broker,"Mercer, Barker and Gilbert"
215840.0,269800.0,35,2025-03-05,2025-01-31,2025-02-18,January,9,2024,2024-09-28,Broker,Lynch Ltd
15000.0,18750.0,35,2025-03-19,2025-02-17,2025-02-25,February,10,2024,2024-10-17,Broker,Lynch Ltd
172800.0,216000.0,37,2025-04-04,2025-02-28,2025-03-31,February,10,2024,2024-10-28,Broker,Carroll Inc
198400.0,248000.0,559297,2025-04-03,2025-02-28,2025-04-17,February,10,2024,2024-10-28,Broker,"Mercer, Barker and Gilbert"
142560.0,178200.0,26,2025-04-03,2025-02-28,2025-03-26,February,10,2024,2024-10-28,Broker,Carrillo Inc
155800.0,194750.0,31,2025-04-03,2025-02-28,2025-04-03,February,10,2024,2024-10-28,Broker,"Collins, English and Aguirre"
161880.0,202350.0,35,2025-04-03,2025-02-28,2025-03-11,February,10,2024,2024-10-28,Broker,Lynch Ltd
30000.0,37500.0,35,2025-04-03,2025-02-28,2025-03-11,February,10,2024,2024-10-28,Broker,Lynch Ltd
168100.0,210125.0,31,2025-04-30,2025-03-31,2025-05-05,March,11,2024,2024-11-28,Broker,"Collins, English and Aguirre"
15000.0,18750.0,35,2025-04-30,2025-03-31,2025-04-15,March,11,2024,2024-11-28,Broker,Lynch Ltd
232880.0,291100.0,35,2025-04-30,2025-03-31,2025-04-22,March,11,2024,2024-11-28,Broker,Lynch Ltd
158720.0,198400.0,559297,2025-04-30,2025-03-31,2025-05-16,March,11,2024,2024-11-28,Broker,"Mercer, Barker and Gilbert"
151200.0,189000.0,26,2025-05-01,2025-03-31,2025-04-24,March,11,2024,2024-11-28,Broker,Carrillo Inc
201600.0,252000.0,37,2025-04-30,2025-03-31,2025-04-30,March,11,2024,2024-11-28,Broker,Carroll Inc
46000.0,57500.0,25,2025-05-02,2025-03-31,2025-07-03,March,11,2024,2024-11-28,Broker,Dominguez-Harper
178560.0,223200.0,559297,2025-06-13,2025-04-30,2025-06-16,April,12,2024,2024-12-28,Broker,"Mercer, Barker and Gilbert"
144000.0,180000.0,37,2025-05-30,2025-04-30,2025-05-30,April,12,2024,2024-12-28,Broker,Carroll Inc
166050.0,207563.0,31,2025-05-30,2025-04-30,2025-06-04,April,12,2024,2024-12-28,Broker,"Collins, English and Aguirre"
182900.0,228625.0,35,2025-05-30,2025-04-30,2025-05-13,April,12,2024,2024-12-28,Broker,Lynch Ltd
138240.0,172800.0,26,2025-05-30,2025-04-30,2025-05-27,April,12,2024,2024-12-28,Broker,Carrillo Inc
174800.0,218500.0,25,2025-05-30,2025-04-30,2025-07-16,April,12,2024,2024-12-28,Broker,Dominguez-Harper
139725.0,174656.0,25,2025-05-30,2025-04-30,2025-07-03,April,12,2024,2024-12-28,Broker,Dominguez-Harper
159840.0,199800.0,26,2025-06-30,2025-05-31,2025-06-25,May,1,2025,2025-01-28,Broker,Carrillo Inc
143500.0,179375.0,31,2025-06-30,2025-05-31,2025-07-03,May,1,2025,2025-01-28,Broker,"Collins, English and Aguirre"
120000.0,150000.0,37,2025-06-30,2025-05-31,2025-06-30,May,1,2025,2025-01-28,Broker,Carroll Inc
184000.0,230000.0,25,2025-06-30,2025-05-31,2025-07-08,May,1,2025,2025-01-28,Broker,Dominguez-Harper
168640.0,210800.0,559297,2025-08-14,2025-05-31,2025-08-18,May,1,2025,2025-01-28,Broker,"Mercer, Barker and Gilbert"
174800.0,218500.0,25,2025-06-30,2025-05-31,2025-08-15,May,1,2025,2025-01-28,Broker,Dominguez-Harper
224200.0,280250.0,35,2025-06-30,2025-05-31,2025-06-09,May,1,2025,2025-01-28,Broker,Lynch Ltd
168640.0,210800.0,559297,2025-07-30,2025-06-30,2025-07-17,June,2,2025,2025-02-28,Broker,"Mercer, Barker and Gilbert"
138240.0,172800.0,26,2025-07-30,2025-06-30,2025-07-25,June,2,2025,2025-02-28,Broker,Carrillo Inc
193225.0,241531.0,35,2025-07-30,2025-06-30,2025-07-07,June,2,2025,2025-02-28,Broker,Lynch Ltd
110400.0,138000.0,25,2025-07-30,2025-06-30,2025-07-28,June,2,2025,2025-02-28,Broker,Dominguez-Harper
124800.0,156000.0,37,2025-07-30,2025-06-30,2025-07-30,June,2,2025,2025-02-28,Broker,Carroll Inc
147600.0,184500.0,31,2025-07-30,2025-06-30,2025-08-05,June,2,2025,2025-02-28,Broker,"Collins, English and Aguirre"
115000.0,143750.0,25,2025-07-30,2025-06-30,2025-08-15,June,2,2025,2025-02-28,Broker,Dominguez-Harper
32800.0,41000.0,31,2025-08-30,2025-07-31,2025-09-03,July,3,2025,2025-03-28,Broker,"Collins, English and Aguirre"
100800.0,126000.0,37,2025-08-30,2025-07-31,,July,3,2025,2025-03-28,Broker,Carroll Inc
39680.0,49600.0,559297,2025-09-15,2025-07-31,,July,3,2025,2025-03-28,Broker,"Mercer, Barker and Gilbert"
120000.0,150000.0,37,2025-08-30,2025-07-31,2025-09-01,July,3,2025,2025-03-28,Broker,Carroll Inc
47200.0,59000.0,35,2025-08-30,2025-07-31,2025-08-15,July,3,2025,2025-03-28,Broker,Lynch Ltd
36800.0,46000.0,25,2025-08-30,2025-07-31,,July,3,2025,2025-03-28,Broker,Dominguez-Harper
-100800.0,-126000.0,37,2025-08-30,2025-08-20,,August,4,2025,2025-04-20,Broker,Carroll Inc
38400.0,48000.0,37,2025-09-30,2025-08-31,,August,4,2025,2025-04-28,Broker,Carroll Inc
177000.0,221250.0,35,2025-09-30,2025-08-31,,August,4,2025,2025-04-28,Broker,Lynch Ltd
101200.0,126500.0,25,2025-09-30,2025-08-31,,August,4,2025,2025-04-28,Broker,Dominguez-Harper
178560.0,223200.0,559297,2025-09-30,2025-08-31,,August,4,2025,2025-04-28,Broker,"Mercer, Barker and Gilbert"
139400.0,174250.0,31,2025-09-30,2025-08-31,,August,4,2025,2025-04-28,Broker,"Collins, English and Aguirre"
50000.0,62500.0,3,2020-07-17,2020-06-17,2020-07-23,June,2,2020,2020-02-17,Direct,"Murphy, Johnson and Jackson"
48000.0,60000.0,4,2020-11-30,2020-10-31,2020-11-30,October,6,2020,2020-06-28,Direct,"Thomas, Morales and Porter"
201600.0,252000.0,4,2020-12-30,2020-11-30,2021-01-04,November,7,2020,2020-07-28,Direct,"Thomas, Morales and Porter"
413200.0,516500.0,4,2021-02-26,2020-12-31,2021-02-26,December,8,2020,2020-08-28,Direct,"Thomas, Morales and Porter"
182400.0,228000.0,6,2021-03-04,2021-01-31,2021-03-15,January,9,2020,2020-09-28,Direct,"Ortega, Murphy and Smith"
192000.0,240000.0,6,2021-04-01,2021-02-28,2021-04-01,February,10,2020,2020-10-28,Direct,"Ortega, Murphy and Smith"
290000.0,362500.0,7,2021-04-23,2021-03-24,2021-04-23,March,11,2020,2020-11-24,Direct,Shaw Inc
211200.0,264000.0,6,2021-04-30,2021-03-31,2021-04-30,March,11,2020,2020-11-28,Direct,"Ortega, Murphy and Smith"
115188.0,143985.0,7,2021-05-18,2021-04-13,2021-05-18,April,12,2020,2020-12-13,Direct,Shaw Inc
144000.0,180000.0,6,2021-05-30,2021-04-30,2021-06-01,April,12,2020,2020-12-28,Direct,"Ortega, Murphy and Smith"
287970.0,359963.0,7,2021-06-28,2021-05-24,2021-06-28,May,1,2021,2021-01-24,Direct,Shaw Inc
192000.0,240000.0,6,2021-06-30,2021-05-31,2021-06-30,May,1,2021,2021-01-28,Direct,"Ortega, Murphy and Smith"
2000.0,2000.0,8,2021-07-14,2021-06-14,2021-07-14,June,2,2021,2021-02-14,Direct,Harris-Williams
207338.4,259173.0,7,2021-07-20,2021-06-15,2021-07-22,June,2,2021,2021-02-15,Direct,Shaw Inc
11232.0,11232.0,10,2021-07-30,2021-06-30,2021-07-28,June,2,2021,2021-02-28,Direct,"Tate, Lara and White"
38400.0,48000.0,6,2021-07-30,2021-06-30,2021-07-30,June,2,2021,2021-02-28,Direct,"Ortega, Murphy and Smith"
161263.2,201579.0,7,2021-08-15,2021-07-16,2021-08-23,July,3,2021,2021-03-16,Direct,Shaw Inc
69112.8,86391.0,7,2021-09-17,2021-08-18,2021-09-21,August,4,2021,2021-04-18,Direct,Shaw Inc
287970.0,359963.0,7,2021-10-26,2021-09-22,2021-10-28,September,5,2021,2021-05-22,Direct,Shaw Inc
103669.2,129587.0,7,2021-11-22,2021-10-18,2021-11-23,October,6,2021,2021-06-18,Direct,Shaw Inc
58500.0,58500.0,11,2021-11-21,2021-10-22,2021-11-19,October,6,2021,2021-06-22,Direct,"Alvarez, Luna and Smith"
58500.0,58500.0,12,2021-11-26,2021-10-27,2022-02-01,October,6,2021,2021-06-27,Direct,Jimenez LLC
58500.0,58500.0,13,2021-11-30,2021-10-31,2021-12-01,October,6,2021,2021-06-28,Direct,Shah LLC
287970.0,359963.0,7,2021-12-08,2021-11-03,2021-12-07,November,7,2021,2021-07-03,Direct,Shaw Inc
107484.3,107484.3,11,2021-12-30,2021-11-30,2022-01-12,November,7,2021,2021-07-28,Direct,"Alvarez, Luna and Smith"
287970.0,359963.0,7,2022-01-06,2021-12-02,2022-01-07,December,8,2021,2021-08-02,Direct,Shaw Inc
218857.2,273572.0,7,2022-01-31,2021-12-27,2022-02-01,December,8,2021,2021-08-27,Direct,Shaw Inc
48680.044,48680.044,15,2022-02-12,2021-12-31,2022-03-02,December,8,2021,2021-08-28,Direct,Johnson and Sons
427120.0,427120.0,12,2022-02-14,2022-01-15,2022-03-02,January,9,2021,2021-09-15,Direct,Jimenez LLC
36593.9,36593.9,15,2022-03-02,2022-01-31,2022-03-02,January,9,2021,2021-09-28,Direct,Johnson and Sons
446080.0,446080.0,13,2022-03-09,2022-01-31,2022-04-08,January,9,2021,2021-09-28,Direct,Shah LLC
231976.8,289971.0,7,2022-03-09,2022-02-02,2022-05-01,February,10,2021,2021-10-02,Direct,Shaw Inc
-231976.8,-289971.0,7,2022-03-04,2022-02-02,2022-05-01,February,10,2021,2021-10-02,Direct,Shaw Inc
230376.0,287970.0,7,2022-03-04,2022-02-02,2022-03-08,February,10,2021,2021-10-02,Direct,Shaw Inc
56000.0,70000.0,16,2022-03-18,2022-02-16,2022-03-18,February,10,2021,2021-10-16,Direct,Roy Group
37278.5,37278.5,15,2022-04-04,2022-02-28,2022-06-23,February,10,2021,2021-10-28,Direct,Johnson and Sons
418080.0,418080.0,11,2022-04-08,2022-02-28,2022-03-25,February,10,2021,2021-10-28,Direct,"Alvarez, Luna and Smith"
287970.0,359963.0,7,2022-04-06,2022-03-02,2022-04-08,March,11,2021,2021-11-02,Direct,Shaw Inc
147900.0,184875.0,19,2022-05-02,2022-03-30,2022-05-02,March,11,2021,2021-11-28,Direct,Anderson Ltd
62489.0,62489.0,12,2022-04-06,2022-03-31,2022-07-11,March,11,2021,2021-11-28,Direct,Jimenez LLC
62493.0,62493.0,13,2022-04-06,2022-03-31,2022-04-13,March,11,2021,2021-11-28,Direct,Shah LLC
108553.2,108553.2,15,2022-05-06,2022-03-31,2022-05-03,March,11,2021,2021-11-28,Direct,Johnson and Sons
463800.0,579750.0,20,2022-04-14,2022-03-31,2022-04-29,March,11,2021,2021-11-28,Direct,Gonzalez-Miller
62493.0,62493.0,11,2022-04-06,2022-03-31,2022-05-02,March,11,2021,2021-11-28,Direct,"Alvarez, Luna and Smith"
287970.0,359963.0,7,2022-05-10,2022-04-05,2022-05-10,April,12,2021,2021-12-05,Direct,Shaw Inc
136000.0,170000.0,19,2022-06-07,2022-04-30,2022-06-07,April,12,2021,2021-12-28,Direct,Anderson Ltd
187143.0,187143.0,13,2022-06-13,2022-04-30,2022-06-17,April,12,2021,2021-12-28,Direct,Shah LLC
205403.0,205403.0,12,2022-06-13,2022-04-30,2022-07-21,April,12,2021,2021-12-28,Direct,Jimenez LLC
93828.28,93828.28,15,2022-06-07,2022-04-30,2022-06-01,April,12,2021,2021-12-28,Direct,Johnson and Sons
215143.0,215143.0,11,2022-06-13,2022-04-30,2022-05-27,April,12,2021,2021-12-28,Direct,"Alvarez, Luna and Smith"
409850.0,512313.0,20,2022-06-24,2022-04-30,2022-06-22,April,12,2021,2021-12-28,Direct,Gonzalez-Miller
111552.0,139440.0,7,2022-06-08,2022-05-04,2022-08-05,May,1,2022,2022-01-04,Direct,Shaw Inc
440400.0,550500.0,20,2022-07-22,2022-05-31,2022-07-22,May,1,2022,2022-01-28,Direct,Gonzalez-Miller
135859.33875,135865.52120000002,21,2022-07-09,2022-05-31,2022-06-29,May,1,2022,2022-01-28,Direct,"Flores, Rogers and Barber"
132600.0,165750.0,19,2022-07-08,2022-05-31,2022-07-08,May,1,2022,2022-01-28,Direct,Anderson Ltd
58962.96,58962.96,15,2022-07-08,2022-05-31,2022-07-11,May,1,2022,2022-01-28,Direct,Johnson and Sons
117600.0,147000.0,7,2022-07-14,2022-06-09,2022-08-11,June,2,2022,2022-02-09,Direct,Shaw Inc
117300.0,146625.0,19,2022-08-08,2022-06-30,2022-08-19,June,2,2022,2022-02-28,Direct,Anderson Ltd
13157.8832,13157.8832,15,2022-08-08,2022-06-30,2022-12-13,June,2,2022,2022-02-28,Direct,Johnson and Sons
265800.0,332250.0,20,2022-08-12,2022-06-30,2022-08-26,June,2,2022,2022-02-28,Direct,Gonzalez-Miller
114693.348,114693.348,21,2022-08-08,2022-06-30,2022-07-29,June,2,2022,2022-02-28,Direct,"Flores, Rogers and Barber"
103669.2,129587.0,7,2022-08-08,2022-07-04,2022-08-09,July,3,2022,2022-03-04,Direct,Shaw Inc
117600.0,147000.0,7,2022-08-09,2022-07-05,2022-09-20,July,3,2022,2022-03-05,Direct,Shaw Inc
34556.4,43196.0,7,2022-08-29,2022-07-25,2022-08-29,July,3,2022,2022-03-25,Direct,Shaw Inc
3632.405,3632.405,15,2022-09-05,2022-07-31,2022-08-15,July,3,2022,2022-03-28,Direct,Johnson and Sons
88400.0,110500.0,19,2022-09-05,2022-07-31,2022-08-19,July,3,2022,2022-03-28,Direct,Anderson Ltd
38650.872,38650.872,21,2022-09-05,2022-07-31,2022-09-06,July,3,2022,2022-03-28,Direct,"Flores, Rogers and Barber"
91200.0,114000.0,23,2022-09-05,2022-07-31,2022-09-05,July,3,2022,2022-03-28,Direct,"Gamble, Summers and Bailey"
32474.142,32474.142,21,2022-10-03,2022-08-31,2022-10-11,August,4,2022,2022-04-28,Direct,"Flores, Rogers and Barber"
109200.0,136500.0,7,2022-10-05,2022-08-31,2022-10-24,August,4,2022,2022-04-28,Direct,Shaw Inc
119000.0,148750.0,19,2022-10-03,2022-08-31,2022-09-21,August,4,2022,2022-04-28,Direct,Anderson Ltd
8800.0,11000.0,20,2022-09-16,2022-08-31,2022-10-14,August,4,2022,2022-04-28,Direct,Gonzalez-Miller
192400.0,240500.0,23,2022-10-03,2022-08-31,2022-10-03,August,4,2022,2022-04-28,Direct,"Gamble, Summers and Bailey"
35353.5,44192.0,7,2022-10-05,2022-08-31,2022-10-05,August,4,2022,2022-04-28,Direct,Shaw Inc
103669.2,129587.0,7,2022-10-14,2022-09-09,2022-10-17,September,5,2022,2022-05-09,Direct,Shaw Inc
110919.474,110919.474,21,2022-11-07,2022-09-30,2022-11-04,September,5,2022,2022-05-28,Direct,"Flores, Rogers and Barber"
300200.0,375250.0,23,2022-11-07,2022-09-30,2022-11-07,September,5,2022,2022-05-28,Direct,"Gamble, Summers and Bailey"
130900.0,163625.0,19,2022-11-07,2022-09-30,2022-11-07,September,5,2022,2022-05-28,Direct,Anderson Ltd
57317.925,57317.925,15,2022-11-07,2022-09-30,2022-11-02,September,5,2022,2022-05-28,Direct,Johnson and Sons
5500.0,6875.0,20,2022-11-07,2022-09-30,2022-11-11,September,5,2022,2022-05-28,Direct,Gonzalez-Miller
134400.0,168000.0,7,2022-11-08,2022-10-04,2022-11-08,October,6,2022,2022-06-04,Direct,Shaw Inc
126706.8,158384.0,7,2022-11-09,2022-10-05,2022-11-08,October,6,2022,2022-06-05,Direct,Shaw Inc
84400.0,105500.0,20,2022-12-09,2022-10-31,2022-12-16,October,6,2022,2022-06-28,Direct,Gonzalez-Miller
113000.0,141250.0,23,2022-12-07,2022-10-31,2022-12-07,October,6,2022,2022-06-28,Direct,"Gamble, Summers and Bailey"
98367.66,98367.66,21,2022-12-07,2022-10-31,2022-12-08,October,6,2022,2022-06-28,Direct,"Flores, Rogers and Barber"
176400.0,220500.0,7,2022-12-06,2022-11-01,2022-12-06,November,7,2022,2022-07-01,Direct,Shaw Inc
126706.8,158384.0,7,2022-12-13,2022-11-08,2022-12-13,November,7,2022,2022-07-08,Direct,Shaw Inc
42076.215,42076.215,21,2023-01-09,2022-11-30,2023-01-16,November,7,2022,2022-07-28,Direct,"Flores, Rogers and Barber"
184800.0,231000.0,7,2023-01-04,2022-11-30,2023-01-03,November,7,2022,2022-07-28,Direct,Shaw Inc
4200.0,5250.0,23,2023-01-09,2022-11-30,2023-01-09,November,7,2022,2022-07-28,Direct,"Gamble, Summers and Bailey"
190300.0,237875.0,20,2023-01-05,2022-11-30,2023-01-05,November,7,2022,2022-07-28,Direct,Gonzalez-Miller
126706.8,158384.0,7,2023-01-09,2022-12-05,2023-01-10,December,8,2022,2022-08-05,Direct,Shaw Inc
97909.8,122387.0,7,2023-01-24,2022-12-20,2023-01-24,December,8,2022,2022-08-20,Direct,Shaw Inc
134400.0,168000.0,7,2023-01-24,2022-12-20,2023-01-24,December,8,2022,2022-08-20,Direct,Shaw Inc
11322.99,11322.99,21,2023-02-08,2022-12-31,2023-03-02,December,8,2022,2022-08-28,Direct,"Flores, Rogers and Barber"
161700.0,202125.0,20,2023-02-08,2022-12-31,2023-02-10,December,8,2022,2022-08-28,Direct,Gonzalez-Miller
18000.0,22500.0,23,2023-02-01,2023-01-01,2023-02-09,January,9,2022,2022-09-01,Direct,"Gamble, Summers and Bailey"
1154.808,1154.808,21,2023-03-09,2023-01-31,2023-03-02,January,9,2022,2022-09-28,Direct,"Flores, Rogers and Barber"
142800.0,178500.0,7,2023-03-07,2023-01-31,2023-03-07,January,9,2022,2022-09-28,Direct,Shaw Inc
42900.0,42900.0,12,2023-03-08,2023-01-31,2023-03-01,January,9,2022,2022-09-28,Direct,Jimenez LLC
42900.0,42900.0,11,2023-03-08,2023-01-31,2023-03-09,January,9,2022,2022-09-28,Direct,"Alvarez, Luna and Smith"
42900.0,42900.0,13,2023-03-08,2023-01-31,2023-03-10,January,9,2022,2022-09-28,Direct,Shah LLC
115188.0,143985.0,7,2023-03-09,2023-02-02,2023-03-09,February,10,2022,2022-10-02,Direct,Shaw Inc
14800.0,18500.0,20,2023-03-10,2023-02-08,2023-03-31,February,10,2022,2022-10-08,Direct,Gonzalez-Miller
29742.390000000003,29742.390000000003,28,2023-04-07,2023-02-28,2023-03-09,February,10,2022,2022-10-28,Direct,Pugh-Rodriguez
160400.0,200500.0,27,2023-04-07,2023-02-28,2023-04-11,February,10,2022,2022-10-28,Direct,"Butler, Rodriguez and Townsend"
159600.0,199500.0,7,2023-04-05,2023-03-01,2023-04-04,March,11,2022,2022-11-01,Direct,Shaw Inc
149744.4,187181.0,7,2023-04-06,2023-03-02,2023-04-06,March,11,2022,2022-11-02,Direct,Shaw Inc
218857.2,273572.0,7,2023-04-30,2023-03-31,2023-04-28,March,11,2022,2022-11-28,Direct,Shaw Inc
251400.0,314250.0,27,2023-04-30,2023-03-31,2023-05-02,March,11,2022,2022-11-28,Direct,"Butler, Rodriguez and Townsend"
15757.839999999998,15757.839999999998,15,2023-04-04,2023-03-31,2023-04-19,March,11,2022,2022-11-28,Direct,Johnson and Sons
248595.48,248595.48,21,2023-05-05,2023-03-31,2023-05-17,March,11,2022,2022-11-28,Direct,"Flores, Rogers and Barber"
10571.25,10576.888,28,2023-04-30,2023-03-31,2023-04-11,March,11,2022,2022-11-28,Direct,Pugh-Rodriguez
193200.0,241500.0,7,2023-04-30,2023-03-31,2023-04-28,March,11,2022,2022-11-28,Direct,Shaw Inc
12450.0,15563.0,20,2023-04-30,2023-03-31,2023-05-05,March,11,2022,2022-11-28,Direct,Gonzalez-Miller
61963.2,77454.0,7,2023-04-30,2023-03-31,2023-04-28,March,11,2022,2022-11-28,Direct,Shaw Inc
207338.4,259173.0,7,2023-05-30,2023-04-30,2023-06-07,April,12,2022,2022-12-28,Direct,Shaw Inc
12000.0,15000.0,30,2023-06-09,2023-04-30,2023-06-02,April,12,2022,2022-12-28,Direct,Martinez-Bryant
175562.4,219453.0,7,2023-05-30,2023-04-30,2023-06-07,April,12,2022,2022-12-28,Direct,Shaw Inc
50268.6745,50268.6745,21,2023-05-30,2023-04-30,2023-07-04,April,12,2022,2022-12-28,Direct,"Flores, Rogers and Barber"
3538.3750000000005,3544.0364000000004,28,2023-06-05,2023-04-30,2023-05-10,April,12,2022,2022-12-28,Direct,Pugh-Rodriguez
214800.0,268500.0,27,2023-06-05,2023-04-30,2023-06-02,April,12,2022,2022-12-28,Direct,"Butler, Rodriguez and Townsend"
109200.0,136500.0,7,2023-05-30,2023-04-30,2023-06-07,April,12,2022,2022-12-28,Direct,Shaw Inc
127500.0,159375.0,30,2023-06-09,2023-04-30,2023-06-02,April,12,2022,2022-12-28,Direct,Martinez-Bryant
161700.0,202125.0,7,2023-06-30,2023-05-31,2023-07-04,May,1,2023,2023-01-28,Direct,Shaw Inc
12000.0,15000.0,30,2023-06-30,2023-05-31,2023-07-03,May,1,2023,2023-01-28,Direct,Martinez-Bryant
243800.0,304750.0,27,2023-06-30,2023-05-31,2023-06-29,May,1,2023,2023-01-28,Direct,"Butler, Rodriguez and Townsend"
134300.0,167875.0,30,2023-06-30,2023-05-31,2023-07-03,May,1,2023,2023-01-28,Direct,Martinez-Bryant
9299.5686,9305.3772,28,2023-06-30,2023-05-31,2023-06-07,May,1,2023,2023-01-28,Direct,Pugh-Rodriguez
241894.8,302369.0,7,2023-06-30,2023-05-31,2023-07-04,May,1,2023,2023-01-28,Direct,Shaw Inc
21024.0665,21024.0665,21,2023-06-30,2023-05-31,2023-07-04,May,1,2023,2023-01-28,Direct,"Flores, Rogers and Barber"
198798.6,248498.0,7,2023-06-30,2023-05-31,2023-07-06,May,1,2023,2023-01-28,Direct,Shaw Inc
68200.0,85250.0,27,2023-08-04,2023-06-30,2023-08-04,June,2,2023,2023-02-28,Direct,"Butler, Rodriguez and Townsend"
23583.4,23583.4,11,2023-08-04,2023-06-30,2023-07-28,June,2,2023,2023-02-28,Direct,"Alvarez, Luna and Smith"
196216.8,245271.0,7,2023-07-30,2023-06-30,2023-08-08,June,2,2023,2023-02-28,Direct,Shaw Inc
31556.46,31556.46,21,2023-08-04,2023-06-30,2023-09-06,June,2,2023,2023-02-28,Direct,"Flores, Rogers and Barber"
108800.0,136000.0,30,2023-07-30,2023-06-30,2023-08-02,June,2,2023,2023-02-28,Direct,Martinez-Bryant
12848.26875,12854.176,28,2023-07-30,2023-06-30,2023-07-07,June,2,2023,2023-02-28,Direct,Pugh-Rodriguez
8000.0,10000.0,30,2023-08-04,2023-06-30,2023-08-02,June,2,2023,2023-02-28,Direct,Martinez-Bryant
2200.0,2200.0,12,2023-08-04,2023-06-30,2023-08-01,June,2,2023,2023-02-28,Direct,Jimenez LLC
134400.0,168000.0,7,2023-07-30,2023-06-30,2023-08-01,June,2,2023,2023-02-28,Direct,Shaw Inc
35000.0,43750.0,8,2023-07-30,2023-06-30,2023-07-27,June,2,2023,2023-02-28,Direct,Harris-Williams
230376.0,287970.0,7,2023-07-30,2023-06-30,2023-08-03,June,2,2023,2023-02-28,Direct,Shaw Inc
102326.868,102326.868,21,2023-09-04,2023-07-31,2023-09-06,July,3,2023,2023-03-28,Direct,"Flores, Rogers and Barber"
51636.0,64545.0,7,2023-08-30,2023-07-31,2023-08-31,July,3,2023,2023-03-28,Direct,Shaw Inc
109200.0,136500.0,7,2023-08-30,2023-07-31,2023-08-31,July,3,2023,2023-03-28,Direct,Shaw Inc
10987.21875,10993.0786,28,2023-09-04,2023-07-31,2023-08-09,July,3,2023,2023-03-28,Direct,Pugh-Rodriguez
25500.0,31875.0,30,2023-09-04,2023-07-31,2023-08-30,July,3,2023,2023-03-28,Direct,Martinez-Bryant
69112.8,86391.0,7,2023-08-30,2023-07-31,2023-08-28,July,3,2023,2023-03-28,Direct,Shaw Inc
390000.0,487500.0,33,2023-10-27,2023-08-29,2023-11-23,August,4,2023,2023-04-28,Direct,Rodriguez Ltd
11000.0,11000.0,11,2023-10-04,2023-08-31,2023-10-13,August,4,2023,2023-04-28,Direct,"Alvarez, Luna and Smith"
103272.0,129090.0,7,2023-09-30,2023-08-31,2023-10-10,August,4,2023,2023-04-28,Direct,Shaw Inc
33600.0,42000.0,7,2023-09-30,2023-08-31,2023-10-10,August,4,2023,2023-04-28,Direct,Shaw Inc
58436.181,58436.181,21,2023-09-30,2023-08-31,2023-11-02,August,4,2023,2023-04-28,Direct,"Flores, Rogers and Barber"
139400.0,174250.0,30,2023-10-04,2023-08-31,2024-04-03,August,4,2023,2023-04-28,Direct,Martinez-Bryant
20000.0,25000.0,30,2023-10-04,2023-08-31,2023-11-06,August,4,2023,2023-04-28,Direct,Martinez-Bryant
195819.6,244775.0,7,2023-09-30,2023-08-31,2023-10-10,August,4,2023,2023-04-28,Direct,Shaw Inc
45417.5696,45417.5696,28,2023-11-06,2023-09-29,2023-10-10,September,5,2023,2023-05-28,Direct,Pugh-Rodriguez
2200.0,2750.0,34,2023-10-29,2023-09-29,2023-10-17,September,5,2023,2023-05-28,Direct,"Leon, Solis and Waters"
164900.0,206125.0,30,2023-11-06,2023-09-30,2023-11-02,September,5,2023,2023-05-28,Direct,Martinez-Bryant
176400.0,220500.0,7,2023-10-30,2023-09-30,2023-11-02,September,5,2023,2023-05-28,Direct,Shaw Inc
218857.2,273572.0,7,2023-10-30,2023-09-30,2023-11-02,September,5,2023,2023-05-28,Direct,Shaw Inc
80000.0,100000.0,30,2023-11-06,2023-09-30,2023-11-02,September,5,2023,2023-05-28,Direct,Martinez-Bryant
182016.9,227521.0,7,2023-10-30,2023-09-30,2023-11-07,September,5,2023,2023-05-28,Direct,Shaw Inc
37036.692,37036.692,21,2023-11-06,2023-09-30,2023-11-02,September,5,2023,2023-05-28,Direct,"Flores, Rogers and Barber"
29552.75,29552.75,11,2023-11-06,2023-09-30,2023-10-27,September,5,2023,2023-05-28,Direct,"Alvarez, Luna and Smith"
179366.86736,179371.59699999998,28,2023-12-04,2023-10-31,2023-11-14,October,6,2023,2023-06-28,Direct,Pugh-Rodriguez
200000.0,250000.0,30,2023-12-04,2023-10-31,2023-12-04,October,6,2023,2023-06-28,Direct,Martinez-Bryant
171700.0,214625.0,30,2023-12-04,2023-10-31,2023-11-30,October,6,2023,2023-06-28,Direct,Martinez-Bryant
2956.025,2956.025,11,2023-12-04,2023-10-31,2024-01-15,October,6,2023,2023-06-28,Direct,"Alvarez, Luna and Smith"
209125.8,261407.0,7,2023-12-04,2023-10-31,2023-12-05,October,6,2023,2023-06-28,Direct,Shaw Inc
138806.514,138806.514,21,2023-12-04,2023-10-31,2023-12-08,October,6,2023,2023-06-28,Direct,"Flores, Rogers and Barber"
183506.4,229383.0,7,2023-12-06,2023-11-01,2023-12-05,November,7,2023,2023-07-01,Direct,Shaw Inc
7201.404,7201.404,11,2023-12-31,2023-11-30,2024-01-15,November,7,2023,2023-07-28,Direct,"Alvarez, Luna and Smith"
158100.0,197625.0,30,2023-12-31,2023-11-30,2024-01-04,November,7,2023,2023-07-28,Direct,Martinez-Bryant
168000.0,210000.0,30,2023-12-31,2023-11-30,2024-01-04,November,7,2023,2023-07-28,Direct,Martinez-Bryant
206544.0,258180.0,7,2023-12-31,2023-11-30,2024-01-03,November,7,2023,2023-07-28,Direct,Shaw Inc
16628.8,16629.0,28,2023-12-31,2023-11-30,2023-12-12,November,7,2023,2023-07-28,Direct,Pugh-Rodriguez
161996.4,161996.4,21,2023-12-31,2023-11-30,2024-01-04,November,7,2023,2023-07-28,Direct,"Flores, Rogers and Barber"
180600.0,225750.0,7,2023-12-31,2023-11-30,2024-01-16,November,7,2023,2023-07-28,Direct,Shaw Inc
190080.48704,190082.7732,28,2023-12-31,2023-12-01,2023-12-12,December,8,2023,2023-08-01,Direct,Pugh-Rodriguez
-16628.8,-16629.0,28,2023-12-11,2023-12-11,2023-12-12,December,8,2023,2023-08-11,Direct,Pugh-Rodriguez
119490.3,119490.3,21,2024-02-02,2023-12-31,2024-02-08,December,8,2023,2023-08-28,Direct,"Flores, Rogers and Barber"
90100.0,112625.0,30,2024-02-01,2023-12-31,2024-01-29,December,8,2023,2023-08-28,Direct,Martinez-Bryant
92400.0,115500.0,7,2024-02-02,2023-12-31,2024-01-30,December,8,2023,2023-08-28,Direct,Shaw Inc
83086.848,83086.848,12,2024-02-05,2023-12-31,2024-02-28,December,8,2023,2023-08-28,Direct,Jimenez LLC
120000.0,150000.0,30,2024-02-02,2023-12-31,2024-02-02,December,8,2023,2023-08-28,Direct,Martinez-Bryant
87781.2,109727.0,7,2024-02-02,2023-12-31,2024-02-12,December,8,2023,2023-08-28,Direct,Shaw Inc
50176.112,50176.112,28,2024-02-02,2023-12-31,2024-01-09,December,8,2023,2023-08-28,Direct,Pugh-Rodriguez
121076.856,121076.856,21,2024-03-01,2024-01-31,2024-03-12,January,9,2023,2023-09-28,Direct,"Flores, Rogers and Barber"
108435.6,135545.0,7,2024-03-01,2024-01-31,2024-03-08,January,9,2023,2023-09-28,Direct,Shaw Inc
15000.0,18750.0,36,2024-03-01,2024-01-31,2024-03-01,January,9,2023,2023-09-28,Direct,"Koch, Mitchell and Franklin"
176000.0,220000.0,30,2024-03-01,2024-01-31,2024-03-04,January,9,2023,2023-09-28,Direct,Martinez-Bryant
56250.8544,56250.8544,12,2024-03-05,2024-01-31,2024-02-28,January,9,2023,2023-09-28,Direct,Jimenez LLC
180726.0,225908.0,7,2024-03-01,2024-01-31,2024-03-08,January,9,2023,2023-09-28,Direct,Shaw Inc
46510.880000000005,46510.880000000005,13,2024-03-14,2024-02-28,2024-03-15,February,10,2023,2023-10-28,Direct,Shah LLC
46510.880000000005,46510.880000000005,11,2024-03-14,2024-02-28,2024-04-02,February,10,2023,2023-10-28,Direct,"Alvarez, Luna and Smith"
46510.880000000005,46510.880000000005,12,2024-03-09,2024-02-28,2024-03-01,February,10,2023,2023-10-28,Direct,Jimenez LLC
-83086.848,-83086.848,12,2024-02-28,2024-02-28,2024-02-28,February,10,2023,2023-10-28,Direct,Jimenez LLC
-56250.8544,-56250.8544,12,2024-02-28,2024-02-28,2024-02-28,February,10,2023,2023-10-28,Direct,Jimenez LLC
196216.8,245271.0,7,2024-04-05,2024-02-29,2024-04-09,February,10,2023,2023-10-28,Direct,Shaw Inc
166824.0,208530.0,7,2024-04-05,2024-02-29,2024-04-09,February,10,2023,2023-10-28,Direct,Shaw Inc
0.0,0.0,30,2024-04-05,2024-02-29,,February,10,2023,2023-10-28,Direct,Martinez-Bryant
128000.0,160000.0,30,2024-04-05,2024-02-29,2024-04-03,February,10,2023,2023-10-28,Direct,Martinez-Bryant
160260.76799999998,160260.76799999998,21,2024-04-02,2024-02-29,2024-04-03,February,10,2023,2023-10-28,Direct,"Flores, Rogers and Barber"
5500.0,6875.0,39,2024-05-02,2024-03-31,2024-05-02,March,11,2023,2023-11-28,Direct,Flores Group
109171.8,109171.8,21,2024-05-02,2024-03-31,2024-05-02,March,11,2023,2023-11-28,Direct,"Flores, Rogers and Barber"
206544.0,258180.0,7,2024-05-03,2024-03-31,2024-05-07,March,11,2023,2023-11-28,Direct,Shaw Inc
166824.0,208530.0,7,2024-05-03,2024-03-31,2024-05-07,March,11,2023,2023-11-28,Direct,Shaw Inc
98193.0,122741.25,38,2024-05-03,2024-03-31,2024-05-03,March,11,2023,2023-11-28,Direct,Sanchez-Crane
168000.0,210000.0,30,2024-05-02,2024-03-31,2024-05-02,March,11,2023,2023-11-28,Direct,Martinez-Bryant
0.0,0.0,559291,2024-05-22,2024-04-22,,April,12,2023,2023-12-22,Direct,"Wolf, Fowler and Hopkins"
30000.0,37500.0,559291,2024-05-22,2024-04-22,2024-05-22,April,12,2023,2023-12-22,Direct,"Wolf, Fowler and Hopkins"
200000.0,250000.0,30,2024-06-03,2024-04-30,2024-05-31,April,12,2023,2023-12-28,Direct,Martinez-Bryant
44549.1576,44549.1576,21,2024-06-03,2024-04-30,2024-06-04,April,12,2023,2023-12-28,Direct,"Flores, Rogers and Barber"
69107.64,69107.64,12,2024-06-03,2024-04-30,2024-08-05,April,12,2023,2023-12-28,Direct,Jimenez LLC
19745.04,24681.3,38,2024-06-03,2024-04-30,2024-05-30,April,12,2023,2023-12-28,Direct,Sanchez-Crane
5500.0,6875.0,39,2024-06-03,2024-04-30,2024-06-03,April,12,2023,2023-12-28,Direct,Flores Group
122400.0,153000.0,19,2024-07-01,2024-05-31,2024-07-01,May,1,2024,2024-01-28,Direct,Anderson Ltd
20557.8,25697.25,38,2024-07-02,2024-05-31,2024-07-02,May,1,2024,2024-01-28,Direct,Sanchez-Crane
92716.6086,92716.6086,21,2024-07-02,2024-05-31,2024-07-02,May,1,2024,2024-01-28,Direct,"Flores, Rogers and Barber"
6509.969999999999,6509.969999999999,28,2024-07-02,2024-05-31,2024-06-07,May,1,2024,2024-01-28,Direct,Pugh-Rodriguez
64642.85999999999,80803.575,38,2024-07-02,2024-05-31,2024-07-02,May,1,2024,2024-01-28,Direct,Sanchez-Crane
17600.0,22000.0,39,2024-07-02,2024-05-31,2024-06-28,May,1,2024,2024-01-28,Direct,Flores Group
2721.12,3401.4,38,2024-07-30,2024-06-30,2024-07-30,June,2,2024,2024-02-28,Direct,Sanchez-Crane
81600.0,102000.0,19,2024-07-30,2024-06-30,2024-07-30,June,2,2024,2024-02-28,Direct,Anderson Ltd
71172.4788,71172.4788,21,2024-07-31,2024-06-30,2024-08-07,June,2,2024,2024-02-28,Direct,"Flores, Rogers and Barber"
16213.339999999998,20272.344,38,2024-07-31,2024-06-30,2024-07-31,June,2,2024,2024-02-28,Direct,Sanchez-Crane
47000.0,58750.0,8,2024-07-30,2024-06-30,2024-07-30,June,2,2024,2024-02-28,Direct,Harris-Williams
40873.5855,40873.5855,21,2024-09-02,2024-07-31,2024-09-06,July,3,2024,2024-03-28,Direct,"Flores, Rogers and Barber"
11700.0,14625.0,559293,2024-09-02,2024-07-31,2024-09-02,July,3,2024,2024-03-28,Direct,"Robinson, Kaufman and Mills"
25867.74,32334.675,38,2024-10-01,2024-08-31,2024-10-01,August,4,2024,2024-04-28,Direct,Sanchez-Crane
10000.0,12500.0,559295,2024-10-01,2024-08-31,2024-10-21,August,4,2024,2024-04-28,Direct,"Shea, Skinner and Nguyen"
96000.0,120000.0,559294,2024-10-01,2024-08-31,2024-10-03,August,4,2024,2024-04-28,Direct,"Harvey, Collins and Walker"
81275.1741,81275.1741,21,2024-10-01,2024-08-31,2024-10-04,August,4,2024,2024-04-28,Direct,"Flores, Rogers and Barber"
2712.0,3390.0,38,2024-10-31,2024-09-30,2024-10-31,September,5,2024,2024-05-28,Direct,Sanchez-Crane
272000.0,340000.0,559294,2024-11-01,2024-09-30,2024-10-29,September,5,2024,2024-05-28,Direct,"Harvey, Collins and Walker"
66683.0321,66683.0321,21,2024-10-31,2024-09-30,2024-11-04,September,5,2024,2024-05-28,Direct,"Flores, Rogers and Barber"
224000.0,280000.0,559294,2024-12-04,2024-10-31,2024-12-03,October,6,2024,2024-06-28,Direct,"Harvey, Collins and Walker"
16525.553799999998,16525.553799999998,21,2024-12-04,2024-10-31,2025-01-14,October,6,2024,2024-06-28,Direct,"Flores, Rogers and Barber"
18700.0,23375.0,39,2024-12-04,2024-10-31,2024-12-04,October,6,2024,2024-06-28,Direct,Flores Group
11766.482,11766.482,21,2025-01-02,2024-11-30,2025-01-14,November,7,2024,2024-07-28,Direct,"Flores, Rogers and Barber"
198400.0,248000.0,559294,2025-01-03,2024-11-30,2025-02-04,November,7,2024,2024-07-28,Direct,"Harvey, Collins and Walker"
28600.0,35750.0,39,2025-01-01,2024-11-30,2025-01-02,November,7,2024,2024-07-28,Direct,Flores Group
12439.44,15549.3,38,2025-01-02,2024-11-30,2025-01-02,November,7,2024,2024-07-28,Direct,Sanchez-Crane
3300.0,4125.0,39,2025-02-02,2024-12-31,2025-02-03,December,8,2024,2024-08-28,Direct,Flores Group
147200.0,184000.0,559294,2025-02-02,2024-12-31,2025-01-29,December,8,2024,2024-08-28,Direct,"Harvey, Collins and Walker"
6999.0207,6999.0207,21,2025-03-05,2025-01-31,2025-03-06,January,9,2024,2024-09-28,Direct,"Flores, Rogers and Barber"
17600.0,22000.0,39,2025-03-05,2025-01-31,2025-03-05,January,9,2024,2024-09-28,Direct,Flores Group
195200.0,244000.0,559294,2025-03-03,2025-01-31,2025-03-07,January,9,2024,2024-09-28,Direct,"Harvey, Collins and Walker"
163200.0,204000.0,559294,2025-04-03,2025-02-28,2025-04-02,February,10,2024,2024-10-28,Direct,"Harvey, Collins and Walker"
172800.0,216000.0,559294,2025-04-30,2025-03-31,2025-04-29,March,11,2024,2024-11-28,Direct,"Harvey, Collins and Walker"
192000.0,240000.0,559294,2025-06-05,2025-04-30,2025-07-04,April,12,2024,2024-12-28,Direct,"Harvey, Collins and Walker"
182400.0,228000.0,559294,2025-06-30,2025-05-31,2025-07-04,May,1,2025,2025-01-28,Direct,"Harvey, Collins and Walker"
27752.5,27752.5,21,2025-07-30,2025-06-30,2025-08-06,June,2,2025,2025-02-28,Direct,"Flores, Rogers and Barber"
180000.0,225000.0,559294,2025-07-30,2025-06-30,2025-07-30,June,2,2025,2025-02-28,Direct,"Harvey, Collins and Walker"
26642.4,26642.4,21,2025-09-12,2025-07-31,,July,3,2025,2025-03-28,Direct,"Flores, Rogers and Barber"
26214.0,32767.5,21,2025-08-30,2025-07-31,2025-08-31,July,3,2025,2025-03-28,Direct,"Flores, Rogers and Barber"
-26214.0,-32767.5,21,2025-08-30,2025-08-15,2025-08-31,August,4,2025,2025-04-15,Direct,"Flores, Rogers and Barber"
153600.0,192000.0,559294,2025-09-30,2025-08-31,,August,4,2025,2025-04-28,Direct,"Harvey, Collins and Walker"
10612.8,10612.8,13,2025-09-30,2025-08-31,,August,4,2025,2025-04-28,Direct,Shah LLC
117855.0,147319.0,1,2019-08-02,2019-07-03,2019-07-31,July,3,2019,2019-03-03,Partner,Livingston Ltd
98415.0,123019.0,1,2019-08-30,2019-07-31,2019-08-30,July,3,2019,2019-03-28,Partner,Livingston Ltd
194400.0,243000.0,1,2019-09-30,2019-08-30,2019-09-30,August,4,2019,2019-04-28,Partner,Livingston Ltd
225990.0,282488.0,1,2019-10-30,2019-09-30,2019-10-30,September,5,2019,2019-05-28,Partner,Livingston Ltd
238140.0,297675.0,1,2019-11-30,2019-10-31,2019-11-29,October,6,2019,2019-06-28,Partner,Livingston Ltd
181035.0,226294.0,1,2019-12-29,2019-11-29,2019-12-27,November,7,2019,2019-07-28,Partner,Livingston Ltd
145800.0,182250.0,1,2020-01-31,2019-12-31,2020-01-30,December,8,2019,2019-08-28,Partner,Livingston Ltd
5250.0,6563.0,14,2021-12-03,2021-11-03,2021-12-02,November,7,2021,2021-07-03,Partner,Carter-Pierce
235125.0,293906.0,29,2023-04-30,2023-03-31,2023-05-02,March,11,2022,2022-11-28,Partner,Gay PLC
288420.0,360525.0,29,2023-06-05,2023-04-30,2023-06-01,April,12,2022,2022-12-28,Partner,Gay PLC
405405.0,506756.0,29,2023-06-30,2023-05-31,2023-06-30,May,1,2023,2023-01-28,Partner,Gay PLC
284597.5,355747.0,29,2023-08-04,2023-06-30,2023-08-04,June,2,2023,2023-02-28,Partner,Gay PLC
-195525.0,-244406.0,29,2323-07-31,2023-07-31,2023-07-31,July,3,2023,2023-03-28,Partner,Gay PLC
191812.5,239766.0,29,2023-09-04,2023-07-31,2023-09-04,July,3,2023,2023-03-28,Partner,Gay PLC
195525.0,244406.0,29,2023-09-04,2023-07-31,2023-07-31,July,3,2023,2023-03-28,Partner,Gay PLC
325600.0,407000.0,29,2023-10-04,2023-08-31,2023-09-01,August,4,2023,2023-04-28,Partner,Gay PLC
323565.0,404456.0,29,2023-10-13,2023-08-31,2023-10-20,August,4,2023,2023-04-28,Partner,Gay PLC
-325600.0,-407000.0,29,2023-09-30,2023-08-31,2023-09-01,August,4,2023,2023-04-28,Partner,Gay PLC
406642.5,508303.0,29,2023-11-06,2023-09-30,2023-10-31,September,5,2023,2023-05-28,Partner,Gay PLC
446869.5,558587.0,29,2023-12-04,2023-10-31,2023-12-04,October,6,2023,2023-06-28,Partner,Gay PLC
414656.0,518320.0,29,2023-12-31,2023-11-30,2024-01-02,November,7,2023,2023-07-28,Partner,Gay PLC
372075.0,465094.0,29,2024-01-30,2023-12-31,2024-01-30,December,8,2023,2023-08-28,Partner,Gay PLC
95000.0,118750.0,559290,2024-05-03,2024-04-01,2024-05-03,April,12,2023,2023-12-01,Partner,Ali-Lawrence
148200.0,185250.0,559290,2024-06-03,2024-04-30,2024-06-03,April,12,2023,2023-12-28,Partner,Ali-Lawrence
152000.0,190000.0,559290,2024-07-02,2024-05-31,2024-07-09,May,1,2024,2024-01-28,Partner,Ali-Lawrence
133000.0,166250.0,559290,2024-07-30,2024-06-30,2024-08-01,June,2,2024,2024-02-28,Partner,Ali-Lawrence
28000.0,35000.0,559290,2024-07-30,2024-06-30,2024-08-01,June,2,2024,2024-02-28,Partner,Ali-Lawrence
112000.0,140000.0,559290,2024-09-02,2024-07-31,2024-09-10,July,3,2024,2024-03-28,Partner,Ali-Lawrence
84000.0,105000.0,559290,2024-10-01,2024-08-31,2024-10-10,August,4,2024,2024-04-28,Partner,Ali-Lawrence
114000.0,142500.0,559290,2024-10-01,2024-08-31,2024-10-10,August,4,2024,2024-04-28,Partner,Ali-Lawrence
128000.0,160000.0,559290,2024-11-01,2024-09-30,2024-11-07,September,5,2024,2024-05-28,Partner,Ali-Lawrence
155800.0,194750.0,559290,2024-11-01,2024-09-30,2024-11-07,September,5,2024,2024-05-28,Partner,Ali-Lawrence
160000.0,200000.0,559290,2024-12-04,2024-10-31,2024-12-12,October,6,2024,2024-06-28,Partner,Ali-Lawrence
172900.0,216125.0,559290,2024-12-04,2024-10-31,2024-12-06,October,6,2024,2024-06-28,Partner,Ali-Lawrence
144000.0,180000.0,559290,2025-01-02,2024-11-30,2025-01-16,November,7,2024,2024-07-28,Partner,Ali-Lawrence
108000.0,135000.0,559290,2025-02-02,2024-12-31,2025-02-10,December,8,2024,2024-08-28,Partner,Ali-Lawrence
152000.0,190000.0,559290,2025-03-05,2025-01-31,2025-03-14,January,9,2024,2024-09-28,Partner,Ali-Lawrence
160000.0,200000.0,559290,2025-04-03,2025-02-28,2025-04-08,February,10,2024,2024-10-28,Partner,Ali-Lawrence
160000.0,200000.0,559290,2025-04-30,2025-03-31,2025-05-09,March,11,2024,2024-11-28,Partner,Ali-Lawrence
128000.0,160000.0,559290,2025-06-05,2025-04-30,2025-06-12,April,12,2024,2024-12-28,Partner,Ali-Lawrence
144000.0,180000.0,559290,2025-06-30,2025-05-31,2025-07-03,May,1,2025,2025-01-28,Partner,Ali-Lawrence
