deal_id,deal_amount,deal_stage,deal_close_probability,create_date,last_modified_date,close_date,owner_id,is_archived,weighted_deal_amount,deal_name_anon
12204336178,1000000.0,closedlost,0.0,2023-02-17 15:36:41.602000 UTC,2023-03-17 10:52:17.288000 UTC,2023-02-27 11:15:06.295000 UTC,184321862,False,0.0,Dometic - Data Solution Architect role
15856959370,1000000.0,closedlost,0.0,2023-10-31 08:43:47.711000 UTC,2023-11-17 09:41:31.071000 UTC,2023-11-17 09:41:30.971000 UTC,184321862,False,0.0,"Morris, Juarez and Chavez - Optimize delivery routes in DK"
18757261362,1200000.0,closedlost,0.0,2024-04-19 12:24:49.100000 UTC,2024-05-17 12:08:02.490000 UTC,2024-05-17 12:07:46.527000 UTC,184321862,False,0.0,ICA Banken GCP Architect
17014095971,1000000.0,closedlost,0.0,2024-01-18 10:32:41.435000 UTC,2024-02-23 08:12:52.206000 UTC,2024-02-23 08:12:46.209000 UTC,184321862,False,0.0,"Morris, Juarez and Chavez Miller, Kidd and Dickson within pricing"
20551258523,600000.0,closedlost,0.0,2024-07-05 13:08:26.064000 UTC,2024-12-13 13:18:34.627000 UTC,2024-12-13 13:18:30.146000 UTC,184321862,False,0.0,"Morris, Juarez and Chavez AI opportunities"
9832945162,1000000.0,closedlost,0.0,2022-08-16 11:36:25.086000 UTC,2022-08-25 06:16:53.611000 UTC,2022-08-25 06:16:02.354000 UTC,184321862,False,0.0,"Sosa, Phelps and Smith"
9327979704,1200000.0,closedlost,0.0,2022-06-28 06:12:02.263000 UTC,2022-07-05 11:36:47.201000 UTC,2022-07-05 11:34:46.989000 UTC,184321862,False,0.0,Joseph and Sons - Revenue Controller
15484504096,700000.0,closedlost,0.0,2023-10-06 11:58:59.207000 UTC,2023-10-20 09:28:07.389000 UTC,2023-10-20 09:26:53.061000 UTC,184321862,False,0.0,Starstable Nguyen-Torres
14996379221,600000.0,closedlost,0.0,2023-09-05 14:13:50.983000 UTC,2023-09-22 05:17:59.679000 UTC,2023-09-22 05:17:59.696000 UTC,184321862,False,0.0,Tucker-White
17685383189,600000.0,closedlost,0.0,2024-02-23 08:13:33.821000 UTC,2024-04-05 12:12:34.457000 UTC,2024-04-05 12:12:22.992000 UTC,184321862,False,0.0,"Morris, Juarez and Chavez Miller, Kidd and Dickson"
20402594337,600000.0,closedwon,1.0,2024-06-28 13:04:33.016000 UTC,2024-06-28 13:04:34.809000 UTC,2024-07-28 13:03:11.888000 UTC,184321862,False,600000.0,"Morris, Juarez and Chavez förlängning"
13342486292,600000.0,closedwon,1.0,2023-05-15 19:28:08.771000 UTC,2023-06-16 12:19:47.979000 UTC,2023-06-16 12:19:46.835000 UTC,184321862,False,600000.0,"Morris, Juarez and Chavez - placering av lådor för leveranser"
15716044631,1000000.0,closedwon,1.0,2023-10-20 09:26:14.555000 UTC,2023-10-31 08:41:50.002000 UTC,2023-10-31 08:41:49.158000 UTC,184321862,False,1000000.0,"Morris, Juarez and Chavez - Optimize delivery routes in DK"
9833108275,1100000.0,closedwon,1.0,2022-08-16 11:38:12.870000 UTC,2022-08-25 06:15:54.568000 UTC,2022-08-25 06:15:53.945000 UTC,184321862,False,1100000.0,"Sosa, Phelps and Smith Payne-Nelson"
10487241336,1100000.0,closedwon,1.0,2022-10-07 14:11:38.188000 UTC,2022-11-24 08:17:17.078000 UTC,2022-11-24 08:17:17.755000 UTC,184321862,False,1100000.0,"Payne-Nelson - Senior Sosa, Phelps and Smith"
28547176067,1000000.0,closedlost,0.0,2024-10-31 16:08:47.092000 UTC,2024-11-21 11:56:59.692000 UTC,2024-11-21 11:56:25.803000 UTC,2031800790,False,0.0,Eaton LLC - Biz Ops Manager
31738568507,25000.0,closedlost,0.0,2025-01-10 09:57:59.531000 UTC,2025-08-22 12:15:08.397000 UTC,2025-08-22 12:15:05.363000 UTC,2031800790,False,0.0,Konstel - AI exploration
37119482543,500000.0,closedlost,0.0,2025-05-12 20:58:54.111000 UTC,2025-08-22 12:13:34.079000 UTC,2025-08-22 12:09:09.683000 UTC,2031800790,False,0.0,TV4 - Analytics and AI role
21989866572,1100000.0,closedlost,0.0,2024-09-06 12:19:07.768000 UTC,2024-10-30 22:36:46.558000 UTC,2024-10-30 22:36:33.127000 UTC,2031800790,False,0.0,"Qliro - Miller, Kidd and Dickson"
28813151391,50000.0,closedlost,0.0,2024-11-07 09:55:35.963000 UTC,2025-08-22 12:16:13.034000 UTC,2025-08-22 12:16:07.700000 UTC,2031800790,False,0.0,QMG - AI chatbot
35319195226,30000.0,closedwon,1.0,2025-03-31 21:22:21.979000 UTC,2025-05-28 09:10:17.543000 UTC,2025-04-29 07:00:28.052000 UTC,2031800790,False,30000.0,"Ramirez, Rodriguez and Gonzalez Education for employees"
36814817043,50000.0,closedwon,1.0,2025-05-06 14:02:39.418000 UTC,2025-06-12 16:37:15.724000 UTC,2025-06-12 16:37:11.753000 UTC,2031800790,False,50000.0,Jones-Willis updates
35305457413,500000.0,1102499,0.2,2025-03-31 21:20:38.406000 UTC,2025-05-28 09:10:17.786000 UTC,2025-04-30 21:18:30.606000 UTC,2031800790,False,100000.0,"Ramirez, Rodriguez and Gonzalez - Phase 2 Data Platform value realization"
35319194701,200000.0,qualifiedtobuy,0.6,2025-03-31 21:18:29.809000 UTC,2025-06-04 10:09:41.948000 UTC,2025-04-30 21:16:25.123000 UTC,2031800790,False,120000.0,"Ramirez, Rodriguez and Gonzalez - Data Platform Service agreement"
36696326807,400000.0,closedwon,1.0,2025-05-05 11:03:30.300000 UTC,2025-06-27 12:12:03.633000 UTC,2025-06-27 12:06:21.062000 UTC,2031800790,False,400000.0,"Smith, Guerrero and Howell - Subsidiary data sharing/common analytics models"
28534836508,670000.0,closedwon,1.0,2024-10-30 22:41:17.714000 UTC,2025-01-06 15:43:46.688000 UTC,2025-01-06 15:38:45.811000 UTC,2031800790,False,670000.0,"Ramirez, Rodriguez and Gonzalez - Data Platform implementation + process automation"
16322222717,,closedlost,0.0,2023-12-01 13:49:16.797000 UTC,2024-01-21 19:31:50.930000 UTC,2024-01-21 19:31:41.910000 UTC,38986547,False,,"Akademiska hus - Stöd Sosa, Phelps and Smith"
6345746227,,closedlost,0.0,2021-10-01 12:47:01.606000 UTC,2022-05-09 14:33:48.862000 UTC,2022-05-09 14:33:38.454000 UTC,38986547,False,,"Fernandez, Brewer and Vasquez engineer + Leo klon"
3129435244,,closedlost,0.0,2020-10-12 18:35:07.724000 UTC,2022-04-25 07:51:04.328000 UTC,2020-10-26 19:36:56.144000 UTC,38986547,False,,"Morris, Juarez and Chavez - Peters and Sons"
10694892037,,closedlost,0.0,2022-10-26 11:39:32.772000 UTC,2023-01-24 15:20:33.505000 UTC,2022-12-16 13:14:03.190000 UTC,38986547,False,,Skandia Fastigheter - Inspoföreläsning
7741164554,,closedlost,0.0,2022-01-27 13:58:24.554000 UTC,2022-03-16 12:10:19.112000 UTC,2022-03-16 12:10:18.437000 UTC,38986547,False,,"Dusan - Einride Sosa, Phelps and Smith"
5339912799,,closedlost,0.0,2021-05-24 14:00:21.976000 UTC,2022-05-16 14:46:46.606000 UTC,2022-05-16 14:46:43.242000 UTC,38986547,False,,Adlibris - Produkt info mgmt + ERP
4841932089,,closedwon,1.0,2021-03-26 11:28:35.043000 UTC,2022-09-08 13:36:48.634000 UTC,2021-05-03 18:27:30.950000 UTC,38986547,False,,Epedemic - Dusan
17922814897,,closedlost,0.0,2024-03-08 13:20:14.531000 UTC,2024-03-22 13:06:04.063000 UTC,2024-03-22 13:05:59.188000 UTC,38986547,False,,Moment - Pitcha för deras kund
5231824755,,closedwon,1.0,2021-05-11 19:40:03.465000 UTC,2021-09-05 23:01:35.026000 UTC,2021-08-23 18:00:33.664000 UTC,38986547,False,,Roberts-Adkins - Daniel
4764538496,,closedlost,0.0,2021-03-22 11:27:52.245000 UTC,2025-05-28 07:49:27.657000 UTC,2021-03-26 11:27:16.183000 UTC,38986547,False,,SE - Fabian
3129143926,,closedlost,0.0,2020-10-12 18:37:12.017000 UTC,2022-04-25 07:51:04.469000 UTC,2020-10-26 19:36:45.824000 UTC,38986547,False,,DXC - BI
2968680966,,closedlost,0.0,2020-09-21 18:47:36.067000 UTC,2022-04-25 07:51:04.682000 UTC,2020-10-08 11:51:44.436000 UTC,38986547,False,,"Sosa, Phelps and Smith"
5339923994,,closedlost,0.0,2021-05-24 13:59:29.819000 UTC,2021-09-09 07:49:05.717000 UTC,2021-08-23 18:01:07.624000 UTC,38986547,False,,Rikshem - BI PL
2778940362,,closedlost,0.0,2020-08-10 18:54:30.745000 UTC,2022-04-25 07:51:04.328000 UTC,2020-08-31 18:34:46.320000 UTC,38986547,False,,Binero
3061652471,,closedlost,0.0,2020-10-05 18:57:50.833000 UTC,2022-04-25 07:51:04.345000 UTC,2020-10-26 19:36:35.378000 UTC,38986547,False,,Swedbank - Baris
3577977629,,closedlost,0.0,2020-12-07 19:11:30.573000 UTC,2022-04-25 07:51:04.328000 UTC,2021-01-11 19:08:16.838000 UTC,38986547,False,,ICA - affärsutvecklare inom Analytics
16320417320,,closedlost,0.0,2023-12-01 08:10:14.021000 UTC,2024-05-17 11:40:26.672000 UTC,2024-05-17 11:40:24.494000 UTC,38986547,False,,LF Stockholm - Stöd datadriven 2024
5339924320,,closedlost,0.0,2021-05-24 14:02:38.720000 UTC,2021-09-05 14:22:21.143000 UTC,2021-08-23 18:01:38.509000 UTC,38986547,False,,S&P - Strategisk analytics
2852283431,,closedlost,0.0,2020-08-24 18:41:19.515000 UTC,2022-04-25 07:51:04.706000 UTC,2020-09-07 13:35:39.064000 UTC,38986547,False,,TetraPak- PL ML
3129520786,,closedlost,0.0,2020-10-12 18:36:02.485000 UTC,2022-04-25 07:51:04.657000 UTC,2020-10-15 09:47:09.332000 UTC,38986547,False,,"Izettle - Sosa, Phelps and Smith/analyst"
8924987519,,closedlost,0.0,2022-05-16 13:45:34.213000 UTC,2022-05-31 09:13:30.347000 UTC,2022-05-31 09:13:28.120000 UTC,38986547,False,,Data management engineers
21862370382,,closedlost,0.0,2024-09-02 07:40:34.114000 UTC,2024-09-06 12:12:17.254000 UTC,2024-09-06 12:09:38.573000 UTC,38986547,False,,Systembolaget - HR Peters and Sons and plan
9053890137,,closedlost,0.0,2022-05-31 09:15:54.214000 UTC,2022-12-22 19:03:03.592000 UTC,2022-06-13 14:41:21.093000 UTC,38986547,False,,Adapteo(Ascend) - Uppföljning nya produkter
4764767041,,closedlost,0.0,2021-03-22 11:28:41.266000 UTC,2022-09-29 08:07:42.211000 UTC,2021-03-26 11:27:32.526000 UTC,38986547,False,,Moment - ECOM leader
4574140281,,closedlost,0.0,2021-03-08 11:52:05.930000 UTC,2025-05-28 07:49:27.928000 UTC,2021-05-11 19:40:51.269000 UTC,38986547,False,,SE - Dusan
5339912784,,closedlost,0.0,2021-05-24 13:59:56.392000 UTC,2021-09-08 09:18:38.272000 UTC,2021-08-23 18:01:04.135000 UTC,38986547,False,,Qliro - Produktägare Analytics
6150309790,,closedwon,1.0,2021-09-06 18:17:20.897000 UTC,2021-09-27 18:19:47.093000 UTC,2021-09-27 18:19:46.646000 UTC,38986547,False,,"Gamble, Summers and Bailey - Head of Data & Analytics"
3489414249,,closedlost,0.0,2020-11-23 18:45:05.906000 UTC,2022-04-25 07:51:04.328000 UTC,2020-12-07 19:39:28.386000 UTC,38986547,False,,"Richards, Acosta and Mccall - Analyst"
29612421184,300000.0,closedlost,0.0,2024-11-27 12:45:32.348000 UTC,2025-01-24 13:07:35.207000 UTC,2025-01-24 13:07:19.806000 UTC,38986547,False,0.0,Perstorp grupp - RFQ Data Governance Framework
1231668871,1.0,closedlost,0.0,2019-12-02 12:05:43.510000 UTC,2022-06-12 07:40:16.348000 UTC,2021-03-08 11:55:09.292000 UTC,38986547,False,0.0,"Rivera, Davis and Roberts - gammal beställare"
14514138116,1000000.0,closedlost,0.0,2023-08-07 08:09:07.644000 UTC,2023-08-29 14:38:11.770000 UTC,2023-08-29 14:38:07.498000 UTC,38986547,False,0.0,Broker - Dataanalytiker inom test
21561717607,1200000.0,closedlost,0.0,2024-08-19 06:49:48.547000 UTC,2024-10-04 12:06:12.803000 UTC,2024-10-04 12:06:08.457000 UTC,38986547,False,0.0,"Rivera, Davis and Roberts - AML/PM stöd"
12238180884,600000.0,closedlost,0.0,2023-02-20 08:55:13.081000 UTC,2023-04-12 19:04:00.490000 UTC,2023-04-12 19:03:59.337000 UTC,38986547,False,0.0,SRB Valuation - IT Analyst
16907057155,1000000.0,closedlost,0.0,2024-01-12 13:05:07.714000 UTC,2024-03-20 08:13:32.639000 UTC,2024-02-26 10:04:06.280000 UTC,38986547,False,0.0,Ortega Group - Drive AI use case
17043315371,100000.0,closedlost,0.0,2024-01-19 12:43:01.523000 UTC,2024-02-18 19:30:03.501000 UTC,2024-02-18 19:30:01.813000 UTC,38986547,False,0.0,"Rapunzel of Sweden - KPI, dataplattform etc"
10640756580,500000.0,closedlost,0.0,2022-10-21 08:34:08.038000 UTC,2022-11-24 11:40:11.095000 UTC,2022-11-24 11:40:11.951000 UTC,38986547,False,0.0,VIng - Power BI - Cecilia
12254417214,1000000.0,closedlost,0.0,2023-02-21 14:46:22.686000 UTC,2023-03-02 19:13:48.366000 UTC,2023-03-02 19:13:48.419000 UTC,38986547,False,0.0,"Rivera, Davis and Roberts  Python developer"
1208016561,500000.0,closedlost,0.0,2019-11-27 09:01:12.813000 UTC,2022-05-11 02:46:11.002000 UTC,2020-02-28 15:12:00.813000 UTC,38986547,False,0.0,MDM CFO
10994580308,300000.0,closedlost,0.0,2022-11-18 13:20:01.051000 UTC,2022-12-01 13:34:44.290000 UTC,2022-12-01 13:34:42.714000 UTC,38986547,False,0.0,Boka direkt - Analytics NPS
1643926867,600000.0,closedlost,0.0,2020-02-26 15:54:04.099000 UTC,2022-05-11 02:52:27.986000 UTC,2020-08-09 20:40:30.147000 UTC,38986547,False,0.0,Head of Analytics
1007117534,0.0,closedlost,0.0,2019-09-10 16:13:01.475000 UTC,2022-04-25 07:51:04.345000 UTC,2021-03-08 11:55:17.057000 UTC,38986547,False,0.0,Nasdaq
13896554009,500000.0,closedlost,0.0,2023-06-28 10:26:47.978000 UTC,2023-08-06 15:38:31.841000 UTC,2023-08-06 15:38:32.122000 UTC,38986547,False,0.0,EQT - ML engineer
10355435961,0.0,closedlost,0.0,2022-09-29 13:18:53.464000 UTC,2022-10-21 12:13:00.161000 UTC,2022-10-21 12:12:56.404000 UTC,38986547,False,0.0,SOS Alarm - Move to Power BI
15067969934,1000000.0,closedlost,0.0,2023-09-08 10:25:18.265000 UTC,2023-09-22 11:55:20.332000 UTC,2023-09-22 11:55:20.958000 UTC,38986547,False,0.0,"Stokes, Harrison and Goodman Projektledare Data Mesh"
42420006407,1000000.0,closedlost,0.0,2025-08-19 07:03:35.086000 UTC,2025-09-01 12:31:04.917000 UTC,2025-09-01 12:30:58.487000 UTC,38986547,False,0.0,Barnes and Sons - Plattformengineer AA och AI
12953497994,800000.0,closedlost,0.0,2023-04-12 19:03:12.871000 UTC,2023-05-19 05:10:46.292000 UTC,2023-05-05 13:37:00.924000 UTC,38986547,False,0.0,"Universum - Sosa, Phelps and Smith"
12821924611,500000.0,closedlost,0.0,2023-04-03 11:02:12.825000 UTC,2023-04-12 19:04:07.244000 UTC,2023-04-12 19:04:06.692000 UTC,38986547,False,0.0,"Brainville - Sosa, Phelps and Smith"
11255873919,500000.0,closedlost,0.0,2022-12-07 18:37:23.987000 UTC,2022-12-16 13:13:43.487000 UTC,2022-12-16 13:13:33.774000 UTC,38986547,False,0.0,LF - Power BI
15067969849,1000000.0,closedlost,0.0,2023-09-08 10:23:46.149000 UTC,2023-09-22 11:55:17.993000 UTC,2023-09-22 11:55:18.410000 UTC,38986547,False,0.0,Head of Analytics
15713401008,600000.0,closedlost,0.0,2023-10-20 09:29:51.210000 UTC,2023-10-31 08:45:36.082000 UTC,2023-10-31 08:45:35.202000 UTC,38986547,False,0.0,Livingston Ltd - PM for building a data platform
12238119985,500000.0,closedlost,0.0,2023-02-20 08:25:17.363000 UTC,2023-02-24 13:01:00.811000 UTC,2023-02-24 12:58:56.840000 UTC,38986547,False,0.0,EarlyBird - DE and dashboards
30508042769,1000000.0,closedlost,0.0,2024-12-17 14:32:26.263000 UTC,2025-08-22 12:15:19.482000 UTC,2025-08-22 12:15:15.003000 UTC,38986547,False,0.0,EON - Data transformation
1007200627,500000.0,closedlost,0.0,2019-09-10 16:16:15.588000 UTC,2022-04-25 07:51:04.682000 UTC,2020-08-09 20:40:32.996000 UTC,38986547,False,0.0,Sweco - Programledning Analys
21561848634,200000.0,closedlost,0.0,2024-08-19 06:51:11.140000 UTC,2025-03-06 20:57:54.769000 UTC,2024-08-21 19:25:42.112000 UTC,38986547,False,0.0,Gonzalez-Miller - Platform rebuild
10684453433,400000.0,closedlost,0.0,2022-10-25 13:04:04.418000 UTC,2022-12-09 13:17:30.961000 UTC,2022-12-09 13:17:29.480000 UTC,38986547,False,0.0,Barnes and Sons - Data Literacy Program
10485579655,500000.0,closedlost,0.0,2022-10-07 11:58:47.142000 UTC,2025-03-07 16:19:16.149000 UTC,2022-10-21 08:34:57.613000 UTC,38986547,False,0.0,Barnes and Sons - Kundinsikt (Mäklare)
1011424537,500000.0,closedlost,0.0,2019-09-11 18:21:14.838000 UTC,2022-04-25 07:51:04.328000 UTC,2019-12-02 12:24:19.859000 UTC,38986547,False,0.0,Dustin - Analytics Manager
41703458712,800000.0,closedlost,0.0,2025-08-11 18:55:01.425000 UTC,2025-08-22 12:06:13.335000 UTC,2025-08-22 12:06:04.424000 UTC,38986547,False,0.0,"Fernandez, Brewer and Vasquez Science Role"
14611321712,500000.0,closedlost,0.0,2023-08-14 11:53:37.434000 UTC,2023-08-21 11:24:04.829000 UTC,2023-08-21 11:24:03.711000 UTC,38986547,False,0.0,"Broker - Husqvarna - Miller, Kidd and Dickson"
37960350725,400000.0,closedlost,0.0,2025-05-26 20:12:23.042000 UTC,2025-06-04 10:13:52.871000 UTC,2025-06-04 10:13:48.564000 UTC,38986547,False,0.0,JM - Dataplattform förstudie
16907057474,500000.0,closedlost,0.0,2024-01-12 13:08:04.111000 UTC,2024-01-21 19:30:49.510000 UTC,2024-01-21 19:30:46.216000 UTC,38986547,False,0.0,Start-up - DS
29610988616,2000000.0,closedlost,0.0,2024-11-27 12:46:49.539000 UTC,2025-01-24 13:08:18.804000 UTC,2025-01-24 13:08:07.342000 UTC,38986547,False,0.0,Folksam - Fraud Data & Analytics transformation (with Knowit)
1657087524,500000.0,closedlost,0.0,2020-02-28 15:16:13.388000 UTC,2022-04-25 07:51:04.282000 UTC,2020-08-31 18:35:10.805000 UTC,38986547,False,0.0,Adams Group & AI - Santander
19752314200,250000.0,closedlost,0.0,2024-05-31 12:04:46.920000 UTC,2024-09-06 11:38:38.438000 UTC,2024-09-06 11:38:23.896000 UTC,38986547,False,0.0,Eggmont - AI PoC
19752314153,200000.0,closedlost,0.0,2024-05-31 12:03:51.279000 UTC,2024-09-06 11:38:47.181000 UTC,2024-09-06 11:38:26.722000 UTC,38986547,False,0.0,Apotea + StickerApp - AI Mvp
28478172495,500000.0,closedlost,0.0,2024-10-30 09:31:02.526000 UTC,2025-01-10 13:17:07.605000 UTC,2025-01-10 13:16:35.454000 UTC,38986547,False,0.0,LF grupp - Dataplattform
12204336455,1000000.0,closedlost,0.0,2023-02-17 15:38:39.217000 UTC,2023-02-24 13:08:17.729000 UTC,2023-02-24 12:59:42.899000 UTC,38986547,False,0.0,Dometic - MDM program
11687703326,1000000.0,closedlost,0.0,2023-01-13 13:22:39.145000 UTC,2023-02-15 09:42:32.588000 UTC,2023-02-15 09:42:31.834000 UTC,38986547,False,0.0,Barnes and Sons - Roll
7236561707,250000.0,closedlost,0.0,2021-12-13 19:12:31.506000 UTC,2022-04-27 11:33:57.428000 UTC,2022-04-27 11:33:55.726000 UTC,38986547,False,0.0,"EspressoHouse - Miller, Kidd and Dickson Ascend"
19750324087,500000.0,closedlost,0.0,2024-05-31 12:16:01.738000 UTC,2024-09-06 11:38:29.980000 UTC,2024-09-06 11:38:21.215000 UTC,38986547,False,0.0,Addlife - PL för Sana AI
1011410776,550000.0,closedlost,0.0,2019-09-11 17:54:22.190000 UTC,2022-05-16 02:53:06.851000 UTC,2020-11-16 17:42:24.920000 UTC,38986547,False,0.0,"Moody, Craig and Duncan"
19192893323,600000.0,closedlost,0.0,2024-05-07 18:41:43.654000 UTC,2024-05-31 12:06:06.238000 UTC,2024-05-31 12:05:53.593000 UTC,38986547,False,0.0,Apotea - AI system med Nvrmnd
15482957618,600000.0,closedlost,0.0,2023-10-06 08:25:36.390000 UTC,2024-01-24 19:51:22.630000 UTC,2024-01-24 19:51:15.458000 UTC,38986547,False,0.0,Nornorm - Build cloud DW
9328267524,1200000.0,closedlost,0.0,2022-06-28 06:10:25.855000 UTC,2022-08-25 12:56:56.199000 UTC,2022-08-16 10:06:06.150000 UTC,38986547,False,0.0,"Sosa, Phelps and Smith(Henrik)"
1231668881,1.0,closedlost,0.0,2019-12-02 12:05:43.510000 UTC,2022-04-25 07:51:04.469000 UTC,2021-03-08 11:55:01.069000 UTC,38986547,False,0.0,SOS alarm - Gammal beställare
17445594002,500000.0,closedlost,0.0,2024-02-09 13:12:01.230000 UTC,2024-06-26 13:28:24.525000 UTC,2024-06-26 13:28:17.058000 UTC,38986547,False,0.0,Ortega Group - Data Platform + PowerBI for new BA
35074491560,75000.0,closedlost,0.0,2025-03-25 16:01:42.919000 UTC,2025-05-12 20:53:14.395000 UTC,2025-05-12 20:53:10.236000 UTC,38986547,False,0.0,Fair invest - AI opportunities 
12821928608,500000.0,closedlost,0.0,2023-04-03 11:02:55.825000 UTC,2023-04-12 19:04:05.933000 UTC,2023-04-12 19:04:05.006000 UTC,38986547,False,0.0,Brainville - DevOps Engineer
6345738653,1000000.0,closedlost,0.0,2021-10-01 12:51:53.119000 UTC,2022-03-16 12:11:14.325000 UTC,2022-03-16 12:11:13.484000 UTC,38986547,False,0.0,"Thomas, Morales and Porter&B - Dataplattform"
11072752916,700000.0,closedlost,0.0,2022-11-24 08:20:29.077000 UTC,2022-12-09 13:10:32.855000 UTC,2022-12-09 13:10:30.624000 UTC,38986547,False,0.0,H&M - Power BI support 
10640900274,500000.0,closedlost,0.0,2022-10-21 09:17:52.590000 UTC,2023-05-11 08:16:28.563000 UTC,2022-10-26 11:29:18.369000 UTC,38986547,False,0.0,"Telia - Sosa, Phelps and Smith - Dusan"
11942179392,500000.0,closedlost,0.0,2023-01-31 08:34:24.421000 UTC,2024-11-27 13:44:20.117000 UTC,2023-06-02 12:28:25.835000 UTC,38986547,False,0.0,Nobia - Analytics transformation
14877501307,600000.0,closedlost,0.0,2023-08-29 14:45:03.459000 UTC,2023-09-22 11:55:19.329000 UTC,2023-09-22 11:55:19.774000 UTC,38986547,False,0.0,Fredrik - Analyschef(30-50%)
19192886676,200000.0,closedlost,0.0,2024-05-07 18:40:33.001000 UTC,2024-09-26 13:59:17.173000 UTC,2024-09-26 13:59:07.799000 UTC,38986547,False,0.0,Winn hotel - Data Ecosystem Rådgivning
15907623834,2000000.0,closedlost,0.0,2023-11-03 13:11:29.299000 UTC,2023-12-01 08:05:26.896000 UTC,2023-12-01 08:05:25.585000 UTC,38986547,False,0.0,Wasa Kredit(Livingston Ltd) - Staffa Reporting team
15213935911,500000.0,closedlost,0.0,2023-09-18 07:34:46.818000 UTC,2023-10-20 12:23:15.510000 UTC,2023-10-20 12:23:14.825000 UTC,38986547,False,0.0,"Junior Sosa, Phelps and Smith Business Analytics Developments (10352) to NCC"
4662875303,750000.0,closedlost,0.0,2021-03-15 07:32:51.885000 UTC,2022-04-25 07:51:04.657000 UTC,2021-03-26 11:26:48.765000 UTC,38986547,False,0.0,Payne-Nelson - Dusan DE
12096599040,1000000.0,closedlost,0.0,2023-02-10 08:15:05.947000 UTC,2023-02-15 09:42:36.650000 UTC,2023-02-15 09:42:36.002000 UTC,38986547,False,0.0,Billerud - Datastategi
14611457411,2000000.0,closedlost,0.0,2023-08-14 11:54:24.885000 UTC,2023-09-22 11:55:21.810000 UTC,2023-09-22 11:55:22.275000 UTC,38986547,False,0.0,Broker - Scania - Team
29452763470,500.0,12008384,0.1,2024-11-22 08:51:29.804000 UTC,2024-11-22 08:51:43.336000 UTC,2024-12-22 08:50:33.990000 UTC,38986547,False,50.0,Perstorp groupp - Stöd Eaton LLC Data transformation
41703458921,100000.0,12008384,0.1,2025-08-11 18:56:14.529000 UTC,2025-08-11 18:56:20.567000 UTC,2025-09-10 18:55:30.555000 UTC,38986547,False,10000.0,Heimstaden - AI support
16100391850,30000.0,closedwon,1.0,2023-11-17 13:01:53.547000 UTC,2024-02-18 19:30:00.896000 UTC,2024-02-18 19:29:59.092000 UTC,38986547,False,30000.0,Jordan-Mitchell - Advisory to Göran
7211722379,40000.0,closedwon,1.0,2021-12-10 13:35:34.448000 UTC,2022-01-27 13:59:12.322000 UTC,2022-01-27 13:59:10.118000 UTC,38986547,False,40000.0,Polar Light - Kalle
17445703519,50000.0,closedwon,1.0,2024-02-09 13:10:37.027000 UTC,2024-03-20 08:13:32.222000 UTC,2024-02-26 10:03:47.489000 UTC,38986547,False,50000.0,Ortega Group - Maintenance + Report Development
16320431458,50000.0,closedwon,1.0,2023-12-01 08:11:43.761000 UTC,2024-02-09 13:07:16.858000 UTC,2024-02-09 13:07:06.880000 UTC,38986547,False,50000.0,Smartbuilt - AI klivet - vår 2024
19091404217,100000.0,closedwon,1.0,2024-05-03 12:34:56.884000 UTC,2024-05-03 12:35:04.946000 UTC,2024-05-03 12:34:06.714000 UTC,38986547,False,100000.0,Ortega Group Collections Pre-study
17922814816,100000.0,closedwon,1.0,2024-03-08 13:19:20.815000 UTC,2024-04-19 12:06:41.080000 UTC,2024-04-19 12:06:27.780000 UTC,38986547,False,100000.0,Russell Roof - Power BI
39527467104,500000.0,1102499,0.2,2025-06-30 20:07:56.513000 UTC,2025-06-30 20:23:25.199000 UTC,2025-07-30 20:06:58.438000 UTC,38986547,False,100000.0,"Harvey, Collins and Walker - Operations - AI support"
11072752545,110000.0,closedwon,1.0,2022-11-24 08:16:13.645000 UTC,2023-01-27 09:21:05.039000 UTC,2022-12-16 13:14:12.017000 UTC,38986547,False,110000.0,Ortega Group - Incremental load
6312023977,150000.0,closedwon,1.0,2021-09-27 18:17:06.373000 UTC,2021-10-15 12:32:53.409000 UTC,2021-10-15 12:32:52.944000 UTC,38986547,False,150000.0,Ortega Group stöd Veko
12289424213,150000.0,closedwon,1.0,2023-02-24 12:58:46.724000 UTC,2023-03-09 15:05:46.277000 UTC,2023-03-09 15:05:46.338000 UTC,38986547,False,150000.0,Rusell - US data platform
29689880360,150000.0,closedwon,1.0,2024-11-28 19:09:38.186000 UTC,2025-01-10 13:08:27.655000 UTC,2025-01-10 13:08:11.664000 UTC,38986547,False,150000.0,"Rivera, Davis and Roberts - Ways of working DataOps (TekSystems)"
29137907853,160000.0,closedwon,1.0,2024-11-15 13:09:28.908000 UTC,2025-01-24 13:05:14.035000 UTC,2025-01-24 13:05:07.176000 UTC,38986547,False,160000.0,Ward and Sons - Bygga data&anlays-tjänster
3015261996,192000.0,closedwon,1.0,2020-09-28 18:30:25.943000 UTC,2021-09-27 18:16:59.229000 UTC,2021-09-27 18:16:58.838000 UTC,38986547,False,192000.0,Ortega Group - Dataplattform och BI - Förstuide
15068330368,200000.0,closedwon,1.0,2023-09-08 10:19:07.966000 UTC,2024-03-20 08:13:32.195000 UTC,2023-11-03 12:24:28.404000 UTC,38986547,False,200000.0,Ortega Group use cases
20215118204,200000.0,closedwon,1.0,2024-06-20 12:32:08.131000 UTC,2024-10-04 12:06:03.496000 UTC,2024-10-04 12:05:57.011000 UTC,38986547,False,200000.0,"Ramirez, Rodriguez and Gonzalez rådgivning"
17727726924,200000.0,closedwon,1.0,2024-02-26 10:04:48.382000 UTC,2024-04-05 12:05:26.304000 UTC,2024-04-05 12:05:23.160000 UTC,38986547,False,200000.0,Designplan - Driva AI use case small
8856444997,250000.0,closedwon,1.0,2022-05-09 14:22:32.356000 UTC,2022-05-31 08:53:37.984000 UTC,2022-05-31 08:53:35.815000 UTC,38986547,False,250000.0,Gonzalez-Miller - Prolong
8237680820,300000.0,closedwon,1.0,2022-03-16 12:11:19.032000 UTC,2022-04-25 07:48:38.226000 UTC,2022-04-25 07:48:37.391000 UTC,38986547,False,300000.0,Jones-Willis
13923533929,300000.0,closedwon,1.0,2023-06-30 12:20:24.096000 UTC,2023-09-22 11:13:47.452000 UTC,2023-09-22 11:13:46.592000 UTC,38986547,False,300000.0,Cooper LLC - Data platform
9758101298,300000.0,closedwon,1.0,2022-08-08 18:21:08.997000 UTC,2022-08-16 10:06:44.938000 UTC,2022-08-16 10:06:43.570000 UTC,38986547,False,300000.0,Jones-Willis + Cecilia + DE
9758182940,300000.0,closedwon,1.0,2022-08-08 18:22:21.128000 UTC,2022-08-16 10:06:34.736000 UTC,2022-08-16 10:06:33.387000 UTC,38986547,False,300000.0,"Gamble, Summers and Bailey stöd"
9172447375,350000.0,closedwon,1.0,2022-06-13 09:13:11.018000 UTC,2022-06-13 14:33:07.011000 UTC,2022-06-13 14:33:05.034000 UTC,38986547,False,350000.0,"Richards, Acosta and Mccall - Prolong Dusan"
15068330559,400000.0,closedwon,1.0,2023-09-08 10:21:18.432000 UTC,2023-11-03 13:06:12.417000 UTC,2023-11-03 13:06:11.738000 UTC,38986547,False,400000.0,Russel BI project
7741080985,450000.0,closedwon,1.0,2022-01-27 13:54:20.629000 UTC,2022-03-16 12:10:37.679000 UTC,2022-03-16 12:10:24.007000 UTC,38986547,False,450000.0,"Dusan - Richards, Acosta and Mccall Miller, Kidd and Dickson/Analyst"
11174952024,500000.0,closedwon,1.0,2022-12-01 14:16:01.046000 UTC,2023-05-11 08:16:28.537000 UTC,2022-12-16 13:14:09.517000 UTC,38986547,False,500000.0,"George Ltd - Sosa, Phelps and Smith"
17445704521,500000.0,closedwon,1.0,2024-02-09 13:20:35.650000 UTC,2024-03-04 10:58:23.555000 UTC,2024-03-04 10:58:15.731000 UTC,38986547,False,500000.0,Altero - Nguyen-Torres
38450245435,600000.0,closedwon,1.0,2025-06-04 10:15:52.536000 UTC,2025-06-12 16:37:10.726000 UTC,2025-06-12 16:37:06.643000 UTC,38986547,False,600000.0,"Harvey, Collins and Walker - Extension - Data Strategy"
9172447559,700000.0,closedwon,1.0,2022-06-13 09:14:09.389000 UTC,2022-06-20 14:33:06.815000 UTC,2022-06-20 14:33:03.706000 UTC,38986547,False,700000.0,"Gamble, Summers and Bailey - Styrelserapport + LTV modell"
32400729517,700000.0,closedwon,1.0,2025-01-24 13:03:49.225000 UTC,2025-04-04 12:03:39.604000 UTC,2025-04-04 12:03:36.853000 UTC,38986547,False,700000.0,Joseph and Sons - DS förlängning
2883283732,1000000.0,closedwon,1.0,2020-08-31 18:31:34.901000 UTC,2022-04-25 07:51:04.469000 UTC,2020-09-07 13:35:29.159000 UTC,38986547,False,1000000.0,"Rice, Strickland and Soto - Analytics lead"
5233071983,1000000.0,closedwon,1.0,2021-05-11 19:39:13.789000 UTC,2021-09-06 11:53:54.258000 UTC,2021-08-23 18:00:37.511000 UTC,38986547,False,1000000.0,Gonzalez-Miller - Henrik
18449814911,1500000.0,closedwon,1.0,2024-04-05 12:16:37.932000 UTC,2024-07-12 11:57:03.756000 UTC,2024-07-12 11:56:58.884000 UTC,38986547,False,1500000.0,"Harvey, Collins and Walker - Interim Tucker-White"
32400729374,1700000.0,closedwon,1.0,2025-01-24 13:01:40.616000 UTC,2025-03-25 20:54:46.347000 UTC,2025-03-25 20:54:39.126000 UTC,38986547,False,1700000.0,"Joseph and Sons - Sosa, Phelps and Smith"
14514137991,2000000.0,closedwon,1.0,2023-08-07 08:08:06.220000 UTC,2023-09-08 12:23:10.319000 UTC,2023-09-08 12:23:09.559000 UTC,38986547,False,2000000.0,Barnes and Sons - Code framework
13364546218,2000000.0,closedwon,1.0,2023-05-17 08:50:52.919000 UTC,2023-06-16 12:20:02.921000 UTC,2023-06-16 12:20:03.692000 UTC,38986547,False,2000000.0,Barnes and Sons implementation
11635956993,2300000.0,closedwon,1.0,2023-01-09 19:32:10.570000 UTC,2023-02-10 08:13:36.097000 UTC,2023-02-10 08:12:55.489000 UTC,38986547,False,2300000.0,"Rogers, Perry and Ramsey - Riskrapportering med Ascend"
6312720225,2400000.0,closedwon,1.0,2021-09-27 18:17:06.373000 UTC,2021-11-12 14:24:28.093000 UTC,2021-11-12 14:24:18.073000 UTC,38986547,False,2400000.0,"Ortega Group - Fas 2 Bygga DW, datamodellering samt PowerBI"
3129239141,,closedwon,1.0,2020-10-12 18:41:19.166000 UTC,2022-04-25 07:51:04.682000 UTC,2021-02-22 14:12:42.662000 UTC,38986548,False,,LF - Datadriven
1007332409,250000.0,closedlost,0.0,2019-09-10 16:14:57.901000 UTC,2022-04-25 07:51:04.328000 UTC,2021-01-18 19:47:47.704000 UTC,38986548,False,0.0,Wasa Kredit - Datadrivet affärsvärde för sälj
3613981370,250000.0,closedlost,0.0,2020-12-14 19:36:59.479000 UTC,2021-09-27 18:20:00.860000 UTC,2021-09-27 18:20:00.100000 UTC,38986548,False,0.0,"Thomas, Morales and Porter - DW"
14514138174,500000.0,closedlost,0.0,2023-08-07 08:10:06.182000 UTC,2023-08-29 14:37:58.055000 UTC,2023-08-29 14:37:57.131000 UTC,38986548,False,0.0,BHG - Extension
2817579000,0.0,closedlost,0.0,2020-08-17 13:14:44.065000 UTC,2022-04-25 07:51:04.657000 UTC,2021-03-08 11:44:05.094000 UTC,38986548,False,0.0,Sinch - Adams Group data
13923533708,500000.0,closedlost,0.0,2023-06-30 12:18:36.935000 UTC,2023-08-29 14:41:50.062000 UTC,2023-08-29 14:41:48.198000 UTC,38986548,False,0.0,Peters and Sons
9208303541,200000.0,closedlost,0.0,2022-06-16 14:00:41.926000 UTC,2022-10-19 10:40:54.516000 UTC,2022-10-19 10:40:51.671000 UTC,38986548,False,0.0,"Thomas, Morales and Porter reborn"
8925528928,2000000.0,closedlost,0.0,2022-05-16 14:38:21.953000 UTC,2022-06-16 13:58:35.914000 UTC,2022-06-16 13:58:34.269000 UTC,38986548,False,0.0,Anonova
1657518674,0.0,closedlost,0.0,2020-02-28 15:25:29.958000 UTC,2022-04-25 07:51:04.345000 UTC,2021-03-08 11:54:47.390000 UTC,38986548,False,0.0,Apoteket Hjärtat - Maria Dickmark
1007332891,0.0,closedwon,1.0,2019-09-10 16:17:13.556000 UTC,2022-04-25 07:51:04.328000 UTC,2020-10-26 19:35:54.097000 UTC,38986548,False,0.0,"Thomas, Morales and Porter"
2778523642,0.0,closedlost,0.0,2020-08-10 18:58:07.586000 UTC,2022-04-25 07:51:04.345000 UTC,2020-09-21 18:39:42.130000 UTC,38986548,False,0.0,Kmäklare - Product manager - analytics w/ bus focus
2778958285,0.0,closedlost,0.0,2020-08-10 18:52:34.543000 UTC,2022-06-03 03:33:57.099000 UTC,2021-03-08 11:44:10.487000 UTC,38986548,False,0.0,Adlibris
2778530027,0.0,closedlost,0.0,2020-08-10 18:45:45.758000 UTC,2022-05-30 09:28:21.653000 UTC,2021-03-08 11:44:07.769000 UTC,38986548,False,0.0,"Murphy, Johnson and Jackson #2"
12955588240,395000.0,closedwon,1.0,2023-04-12 19:07:21.227000 UTC,2023-06-16 12:19:54.754000 UTC,2023-06-16 12:19:54.083000 UTC,38986548,False,395000.0,Murphy-Herrera - Prisarbete
4282796241,1300000.0,closedwon,1.0,2021-02-22 19:35:26.192000 UTC,2022-04-25 07:51:04.657000 UTC,2021-04-07 10:35:34.694000 UTC,38986548,False,1300000.0,LF - Genomförande
11687703058,1600000.0,closedwon,1.0,2023-01-13 13:20:25.102000 UTC,2023-02-24 13:11:27.467000 UTC,2023-02-24 13:10:37.461000 UTC,38986548,False,1600000.0,LF - Förlängning
12067170719,1600000.0,closedwon,1.0,2023-02-08 13:39:51.167000 UTC,2023-06-29 15:27:43.717000 UTC,2023-04-12 19:03:25.595000 UTC,38986548,False,1600000.0,Sullivan PLC - Potentiell utökning
9353792316,1800000.0,closedwon,1.0,2022-06-30 13:19:16.072000 UTC,2023-06-29 15:27:43.717000 UTC,2022-08-16 10:06:45.903000 UTC,38986548,False,1800000.0,LF Datadriven affärsutveckling HT 2022
9330184832,,closedlost,0.0,2022-06-28 10:34:41.510000 UTC,2022-11-18 13:22:14.925000 UTC,2022-11-18 13:22:11.388000 UTC,50439302,False,,Lenus (Data Platform)
4007520603,,closedlost,0.0,2021-01-18 19:40:39.494000 UTC,2022-04-25 07:51:04.359000 UTC,2021-03-08 11:39:58.230000 UTC,50439302,False,,Bokhandlargruppen
3489488040,,closedwon,1.0,2020-11-23 18:46:03.944000 UTC,2022-04-25 07:51:04.469000 UTC,2020-12-07 19:38:40.979000 UTC,50439302,False,,"Rice, Strickland and Soto - Sosa, Phelps and Smith"
9317018494,,closedlost,0.0,2022-06-27 11:36:17.975000 UTC,2022-10-05 08:41:01.741000 UTC,2022-10-05 08:41:00.928000 UTC,50439302,False,,Creoate (Data Platform)
14979136561,,closedlost,0.0,2023-09-04 09:32:55.743000 UTC,2023-11-17 10:18:35.717000 UTC,2023-11-17 10:18:34.957000 UTC,50439302,False,,"Gibson, Nguyen and Graham Data Strategy"
6475963477,500000.0,closedlost,0.0,2021-10-04 14:12:12.719000 UTC,2022-06-27 19:03:01.558000 UTC,2021-10-13 12:49:19.870000 UTC,50439302,False,0.0,BI Developer - Fyndiq
12362719314,500000.0,closedlost,0.0,2023-03-02 08:52:47.570000 UTC,2023-09-07 08:40:44.098000 UTC,2023-08-07 08:05:59.244000 UTC,50439302,False,0.0,Ving - AI Support
15717761830,500000.0,closedlost,0.0,2023-10-20 12:03:45.391000 UTC,2023-11-17 09:41:33.002000 UTC,2023-11-17 09:41:32.810000 UTC,50439302,False,0.0,"Sosa, Phelps and Smith - Rogers, Perry and Ramsey"
10525291887,500000.0,closedlost,0.0,2022-10-11 09:36:37.168000 UTC,2023-01-13 13:24:23.798000 UTC,2023-01-13 13:24:23.244000 UTC,50439302,False,0.0,Verdane Data Strategy
11367391508,1000000.0,closedlost,0.0,2022-12-16 13:24:01.566000 UTC,2023-10-20 12:23:36.430000 UTC,2023-10-20 12:23:35.372000 UTC,50439302,False,0.0,Ica - Data & Analytics Support
17445382238,600000.0,closedlost,0.0,2024-02-09 13:00:25.063000 UTC,2024-02-23 13:09:20.893000 UTC,2024-02-23 13:07:10.927000 UTC,50439302,False,0.0,"Richards, Acosta and Mccall - Operations Analyst"
13923404674,500000.0,closedlost,0.0,2023-06-30 11:51:58.997000 UTC,2023-08-07 08:06:24.961000 UTC,2023-08-07 08:06:25.904000 UTC,50439302,False,0.0,Mentimeter - Director of Analytics
14979034772,100000.0,closedlost,0.0,2023-09-04 09:08:56.176000 UTC,2023-10-06 08:54:40.611000 UTC,2023-10-06 08:54:39.537000 UTC,50439302,False,0.0,Scrintal Advisory
12458563482,500000.0,closedlost,0.0,2023-03-09 13:58:02.684000 UTC,2023-05-10 17:51:13.161000 UTC,2023-04-26 09:07:14.249000 UTC,50439302,False,0.0,"Rice, Strickland and Soto - Evaluation of current reporting stack"
13548258383,554000.0,closedlost,0.0,2023-06-02 06:42:52.639000 UTC,2023-11-17 10:18:34.845000 UTC,2023-11-17 10:18:31.709000 UTC,50439302,False,0.0,Price and Sons - Tucker-White
14514196769,2000000.0,closedlost,0.0,2023-08-07 08:08:39.853000 UTC,2023-08-23 06:54:23.626000 UTC,2023-08-23 06:54:23.176000 UTC,50439302,False,0.0,LF Bank
6343539008,960000.0,closedlost,0.0,2021-10-01 07:56:21.893000 UTC,2021-10-18 18:45:03.041000 UTC,2021-10-18 18:45:02.465000 UTC,50439302,False,0.0,"Sosa, Phelps and Smith Visma"
9977334393,4000000.0,closedlost,0.0,2022-08-29 17:20:37.585000 UTC,2022-09-23 12:22:21.641000 UTC,2022-09-23 12:21:56.673000 UTC,50439302,False,0.0,Whole team at Arvato for migration to Azure
20549185627,150000.0,closedlost,0.0,2024-07-05 11:04:53.830000 UTC,2024-10-04 12:10:09.070000 UTC,2024-10-04 12:10:04.592000 UTC,50439302,False,0.0,Joseph and Sons - Daniel
12288193832,500000.0,closedlost,0.0,2023-02-24 10:32:09.939000 UTC,2023-10-20 12:23:26.998000 UTC,2023-10-20 12:23:26.090000 UTC,50439302,False,0.0,Lantmännen - Databricks + Data Mesh
30775839494,1600000.0,closedlost,0.0,2024-12-19 10:33:36.498000 UTC,2025-05-02 13:54:06.531000 UTC,2025-05-02 13:54:03.559000 UTC,50439302,False,0.0,P Capital - Data Platform Partnership
15070217145,1000000.0,closedlost,0.0,2023-09-08 12:24:07.669000 UTC,2025-08-29 08:59:58.073000 UTC,2023-11-17 09:41:24.859000 UTC,50439302,False,0.0,Barnes and Sons engineering
28563599220,500000.0,closedlost,0.0,2024-10-31 16:17:12.131000 UTC,2024-12-06 13:35:23.866000 UTC,2024-12-06 13:35:18.998000 UTC,50439302,False,0.0,Nextory - Interim Head of Analytics
18449815311,50000.0,closedlost,0.0,2024-04-05 12:19:49.045000 UTC,2024-11-01 12:28:12.209000 UTC,2024-11-01 12:27:52.119000 UTC,50439302,False,0.0,Jacob H - Discovery
12065069429,900000.0,closedlost,0.0,2023-02-08 09:10:39.694000 UTC,2023-05-19 10:49:34.367000 UTC,2023-05-19 10:49:33.395000 UTC,50439302,False,0.0,"Robinson-Gilbert - Alexander, Fletcher and Ruiz Phase 2"
19091064589,250000.0,closedlost,0.0,2024-05-03 11:59:14.691000 UTC,2024-06-28 11:36:05.435000 UTC,2024-06-28 11:36:02.607000 UTC,50439302,False,0.0,PCP - Data & AI support
11944987997,500000.0,closedlost,0.0,2023-01-31 13:15:36.204000 UTC,2024-01-26 13:08:54.623000 UTC,2024-01-26 13:08:49.831000 UTC,50439302,False,0.0,McDonalds - Data Literacy
6343548259,864000.0,closedlost,0.0,2021-10-01 07:56:21.893000 UTC,2021-12-13 20:10:30.724000 UTC,2021-12-13 20:10:26.723000 UTC,50439302,False,0.0,"Miller, Kidd and Dickson Roberts-Adkins"
10471734661,500000.0,closedlost,0.0,2022-10-06 12:02:14.756000 UTC,2022-11-17 11:47:41.683000 UTC,2022-11-14 19:48:08.995000 UTC,50439302,False,0.0,"EQT Ventures Sosa, Phelps and Smith"
18449698107,100000.0,closedlost,0.0,2024-04-05 12:19:16.294000 UTC,2024-11-01 12:28:20.887000 UTC,2024-11-01 12:27:58.390000 UTC,50439302,False,0.0,Wooga - OKR follow-up
9833075632,550000.0,closedlost,0.0,2022-08-16 11:42:09.541000 UTC,2022-08-17 05:59:02.782000 UTC,2022-08-17 05:58:32.937000 UTC,50439302,False,0.0,Product Tucker-White Science
8781871919,200000.0,closedlost,0.0,2022-05-02 12:06:18.850000 UTC,2022-06-27 11:30:41.402000 UTC,2022-06-27 11:30:40.508000 UTC,50439302,False,0.0,Skimsafe - IaaS
17689090931,150000.0,closedlost,0.0,2024-02-23 13:08:50.713000 UTC,2024-05-31 12:13:17.345000 UTC,2024-05-31 12:13:04.896000 UTC,50439302,False,0.0,ML support - Colle Capital
6906713090,16000.0,closedlost,0.0,2021-11-12 14:23:46.552000 UTC,2022-05-16 14:37:24.890000 UTC,2022-05-16 14:37:22.390000 UTC,50439302,False,0.0,Tenant & Partner
15282883762,800000.0,closedlost,0.0,2023-09-22 12:09:31.578000 UTC,2023-10-31 08:45:14.676000 UTC,2023-10-31 08:45:13.730000 UTC,50439302,False,0.0,Länsförsäkringar Peters and Sons
15483221671,1000000.0,closedlost,0.0,2023-10-06 08:52:12.115000 UTC,2023-11-17 09:41:23.481000 UTC,2023-11-17 09:41:23.138000 UTC,50439302,False,0.0,Pophouse - Data platform and BI
12288193895,500000.0,closedlost,0.0,2023-02-24 10:33:24.573000 UTC,2023-05-25 07:07:14.269000 UTC,2023-05-25 07:07:12.652000 UTC,50439302,False,0.0,Taxdoo
35474739595,750000.0,closedlost,0.0,2025-04-04 11:54:16.348000 UTC,2025-05-16 12:17:08.758000 UTC,2025-05-16 12:15:39.405000 UTC,50439302,False,0.0,Voyado
15483221793,100000.0,closedlost,0.0,2023-10-06 08:53:02.637000 UTC,2024-06-28 11:35:45.858000 UTC,2024-06-28 11:35:42.968000 UTC,50439302,False,0.0,Cooper LLC - Analytics as a service
19752661128,200000.0,closedlost,0.0,2024-05-31 12:01:43.380000 UTC,2024-11-01 12:27:38.811000 UTC,2024-11-01 12:27:24.381000 UTC,50439302,False,0.0,Polygon - Data Strategy
11175756933,1000000.0,closedlost,0.0,2022-12-01 15:50:43.900000 UTC,2023-02-16 09:41:20.962000 UTC,2023-02-16 09:41:20.180000 UTC,50439302,False,0.0,Owwn (EQT) - Data Strategy & Platform
9890485505,1000000.0,closedlost,0.0,2022-08-22 08:14:17.403000 UTC,2022-10-05 08:41:04.628000 UTC,2022-10-05 08:41:03.658000 UTC,50439302,False,0.0,Sentinels.ai Data Strategy
10471722294,500000.0,closedlost,0.0,2022-10-06 12:00:33.186000 UTC,2023-08-29 14:47:11.552000 UTC,2023-08-29 14:44:50.113000 UTC,50439302,False,0.0,Nordnet Data Mesh
15717761702,500000.0,closedlost,0.0,2023-10-20 12:02:44.484000 UTC,2023-11-03 09:57:08.112000 UTC,2023-11-03 09:57:06.857000 UTC,50439302,False,0.0,Tucker-White - Eaton LLC
35474739473,40000.0,1102499,0.2,2025-04-04 11:52:24.848000 UTC,2025-06-13 12:11:55.030000 UTC,2025-05-04 11:50:47.782000 UTC,50439302,False,8000.0,AFRY
19752661390,500000.0,12008384,0.1,2024-05-31 12:05:18.313000 UTC,2024-11-15 13:07:30.514000 UTC,2024-06-30 12:04:56.989000 UTC,50439302,False,50000.0,Euromaint
10934361004,75000.0,closedwon,1.0,2022-11-14 19:39:13.826000 UTC,2023-08-23 08:45:19.503000 UTC,2022-12-16 13:14:14.714000 UTC,50439302,False,75000.0,Cooper LLC - Metrics/Dashboards/Data Platform - Daniel
13549023002,122400.0,closedwon,1.0,2023-06-02 06:50:25.584000 UTC,2023-08-10 11:39:50.988000 UTC,2023-06-16 12:18:26.752000 UTC,50439302,False,122400.0,Price and Sons - Extension
11367390566,200000.0,closedwon,1.0,2022-12-16 13:14:22.017000 UTC,2025-08-29 08:59:57.766000 UTC,2023-04-03 07:26:59.008000 UTC,50439302,False,200000.0,Barnes and Sons - Data Science process
18700748546,200000.0,closedwon,1.0,2024-04-17 08:38:00.997000 UTC,2024-05-03 11:59:57.972000 UTC,2024-05-03 11:57:05.234000 UTC,50439302,False,200000.0,Anderson Ltd - Data Strategy
6906586425,250000.0,closedwon,1.0,2021-11-12 14:23:46.552000 UTC,2021-12-10 13:35:24.192000 UTC,2021-12-10 13:35:22.370000 UTC,50439302,False,250000.0,Robinson-Gilbert.io
10112935719,300000.0,closedwon,1.0,2022-09-08 11:06:45.227000 UTC,2023-06-29 15:27:43.258000 UTC,2022-09-23 12:21:41.957000 UTC,50439302,False,300000.0,Sullivan PLC Data Prestudy
11175530013,1000000.0,closedwon,1.0,2022-12-01 15:45:22.790000 UTC,2023-09-10 18:37:37.738000 UTC,2023-01-31 08:18:47.075000 UTC,50439302,False,1000000.0,Price and Sons - Data Strategy & Platform
12379780901,1000000.0,closedwon,1.0,2023-03-03 09:22:49.853000 UTC,2023-08-23 08:45:19.316000 UTC,2023-04-03 07:27:22.472000 UTC,50439302,False,1000000.0,Cooper LLC - Data Platform & Core Metrics
21993810777,1250000.0,closedwon,1.0,2024-09-06 11:51:27.502000 UTC,2024-09-13 19:13:24.653000 UTC,2024-09-13 19:13:09.987000 UTC,50439302,False,1250000.0,"Advisor - Stokes, Harrison and Goodman"
9054183583,,closedlost,0.0,2022-05-31 08:57:42.845000 UTC,2022-06-20 14:35:30.815000 UTC,2022-06-20 14:35:28.200000 UTC,51510172,False,,Detectify - Tucker-White (Looker) 
2841523764,,closedlost,0.0,2020-08-21 10:52:20.375000 UTC,2024-07-01 13:47:42.882000 UTC,2021-01-18 19:47:23.443000 UTC,51510172,False,,Academedia - Datatransformation
8925529008,,closedlost,0.0,2022-05-16 14:42:12.109000 UTC,2022-05-31 09:03:50.864000 UTC,2022-05-31 09:03:49.253000 UTC,51510172,False,,"Richards, Acosta and Mccall - DS Manager"
10642219675,,closedlost,0.0,2022-10-21 12:15:19.116000 UTC,2022-10-26 11:29:20.404000 UTC,2022-10-26 11:29:15.223000 UTC,51510172,False,,"Northvolt - Sosa, Phelps and Smith - Dusan"
3578015790,,closedlost,0.0,2020-12-07 19:40:54.532000 UTC,2022-04-25 07:51:04.657000 UTC,2021-03-15 14:34:58.435000 UTC,51510172,False,,Hedera Group - Dataplattform
2968667734,,closedlost,0.0,2020-09-21 18:44:58.582000 UTC,2022-04-25 07:51:04.328000 UTC,2021-03-08 11:41:05.856000 UTC,51510172,False,,Nobina
4745383440,,closedlost,0.0,2021-03-20 14:59:27.512000 UTC,2022-05-31 08:54:07.117000 UTC,2022-05-31 08:54:06.615000 UTC,51510172,False,,Nobina - Inspoföreläsning
9208345249,300000.0,closedlost,0.0,2022-06-16 14:14:47.603000 UTC,2022-06-20 14:41:38.579000 UTC,2022-06-20 14:41:36.336000 UTC,51510172,False,0.0,Lendo ML engineer
13338011205,196000.0,closedlost,0.0,2023-05-15 12:33:47.485000 UTC,2023-11-03 13:21:01.454000 UTC,2023-11-03 13:21:00.314000 UTC,51510172,False,0.0,Terry and Sons - Ad hoc analytics needs
13213705226,250000.0,closedlost,0.0,2023-05-03 09:00:43.877000 UTC,2023-05-29 07:16:00.619000 UTC,2023-05-29 07:15:58.806000 UTC,51510172,False,0.0,"Centigo - BI (GPS, Streaming data, Reporting)"
9053628488,200000.0,closedlost,0.0,2022-05-31 07:52:00.099000 UTC,2022-09-09 08:15:10.317000 UTC,2022-09-09 08:15:09.398000 UTC,51510172,False,0.0,Transdev - BI/PL
1142152526,1200000.0,closedlost,0.0,2019-11-04 12:42:04.937000 UTC,2022-04-25 07:51:04.682000 UTC,2020-02-28 15:14:54.369000 UTC,51510172,False,0.0,Investment bank
13923405492,350000.0,closedlost,0.0,2023-06-30 12:02:31.885000 UTC,2023-08-29 14:48:04.255000 UTC,2023-08-29 14:44:42.563000 UTC,51510172,False,0.0,Reporting (senior reporting/modeling analyst)
12774506681,840000.0,closedlost,0.0,2023-03-30 09:20:53.090000 UTC,2023-06-15 15:09:06.585000 UTC,2023-04-03 13:54:05.784000 UTC,51510172,False,0.0,"Morris, Juarez and Chavez - Data Custodian"
9208345485,1200000.0,closedlost,0.0,2022-06-16 14:16:00.260000 UTC,2022-06-29 12:40:36.702000 UTC,2022-06-29 12:40:35.809000 UTC,51510172,False,0.0,Detectify - Tucker-White
12003326047,350000.0,closedlost,0.0,2023-02-03 15:41:05.669000 UTC,2023-08-23 08:14:43.669000 UTC,2023-02-24 11:42:59.047000 UTC,51510172,False,0.0,"Business Analyst - Gibson, Nguyen and Graham"
8751828393,0.0,closedlost,0.0,2022-04-28 20:02:19.284000 UTC,2022-10-07 11:48:29.772000 UTC,2022-10-07 11:47:48.067000 UTC,51510172,False,0.0,Lendo - Data strategy
12381111096,350000.0,closedlost,0.0,2023-03-03 09:59:06.426000 UTC,2024-08-29 09:58:19.246000 UTC,2023-03-15 12:47:11.994000 UTC,51510172,False,0.0,Business Analyst - Malmö/remote
1007207559,200000.0,closedlost,0.0,2019-09-10 16:16:56.418000 UTC,2022-04-25 07:51:04.345000 UTC,2020-02-28 15:13:57.733000 UTC,51510172,False,0.0,Sandvik
12381111143,350000.0,closedlost,0.0,2023-03-03 09:59:50.304000 UTC,2024-08-29 09:58:20.069000 UTC,2023-03-15 12:47:10.243000 UTC,51510172,False,0.0,Tucker-White
15907646364,500000.0,closedlost,0.0,2023-11-03 13:16:15.760000 UTC,2023-11-17 09:41:39.551000 UTC,2023-11-17 09:41:39.329000 UTC,51510172,False,0.0,Eaton LLC - Business Performance Manager
6343756464,144000.0,closedlost,0.0,2021-10-01 09:05:22.062000 UTC,2021-11-12 14:23:53.113000 UTC,2021-11-12 14:23:48.465000 UTC,51510172,False,0.0,VOG - Data platform implementation pre-study
1007324971,150000.0,closedwon,1.0,2019-09-10 16:15:46.912000 UTC,2022-04-25 07:51:04.469000 UTC,2020-02-28 15:15:38.867000 UTC,51510172,False,150000.0,"Fernandez, Brewer and Vasquez - Dataanalytiker"
10485863714,350000.0,closedwon,1.0,2022-10-07 12:12:25.252000 UTC,2023-09-11 18:33:39.498000 UTC,2022-10-14 09:29:53.962000 UTC,51510172,False,350000.0,"Business Analyst - Gibson, Nguyen and Graham"
11190151707,350000.0,closedwon,1.0,2022-12-02 12:16:09.712000 UTC,2023-08-23 08:14:43.981000 UTC,2022-12-13 14:59:08.608000 UTC,51510172,False,350000.0,"Business analyst - Gibson, Nguyen and Graham"
9208345409,800000.0,closedwon,1.0,2022-06-16 14:15:29.256000 UTC,2022-09-09 08:39:13.861000 UTC,2022-06-20 14:33:25.087000 UTC,51510172,False,800000.0,Eaton LLC - Business analyst
3414253852,,closedlost,0.0,2020-11-16 12:36:17.023000 UTC,2022-04-25 07:51:04.282000 UTC,2021-03-08 11:39:42.017000 UTC,51657849,False,,"Vimla - Sosa, Phelps and Smith%"
19433279597,1200000.0,closedlost,0.0,2024-05-17 11:26:15.510000 UTC,2024-06-26 13:04:55.642000 UTC,2024-06-26 13:00:47.129000 UTC,51657849,False,0.0,"Miller, Swanson and Black Sosa, Phelps and Smith"
18450986867,200000.0,closedlost,0.0,2024-04-05 13:43:20.206000 UTC,2024-11-01 13:11:06.853000 UTC,2024-11-01 13:11:00.983000 UTC,51657849,False,0.0,Avida - Domändriven utveckling
10616570973,500000.0,closedlost,0.0,2022-10-19 15:12:39.032000 UTC,2022-11-11 19:59:43.074000 UTC,2022-11-11 19:59:41.670000 UTC,51657849,False,0.0,Tv4 PowerBI
9252742022,1200000.0,closedlost,0.0,2022-06-20 14:28:52.259000 UTC,2022-06-29 12:42:03.879000 UTC,2022-06-29 12:41:56.759000 UTC,51657849,False,0.0,George Ltd DE
12768245021,200000.0,closedlost,0.0,2023-03-29 19:09:24.398000 UTC,2023-04-26 09:10:15.936000 UTC,2023-04-26 09:10:14.967000 UTC,51657849,False,0.0,"Blocket - Wagner, King and Lewis report builder"
9053774264,1200000.0,closedlost,0.0,2022-05-31 08:56:41.680000 UTC,2022-06-20 14:27:53.367000 UTC,2022-06-20 14:27:55.425000 UTC,51657849,False,0.0,Detectify - DE role
37446862999,160000.0,closedlost,0.0,2025-05-20 06:51:17.705000 UTC,2025-05-26 20:01:49.142000 UTC,2025-05-26 20:01:44.884000 UTC,51657849,False,0.0,Boneo - Peters and Sons Overhaul
21965381173,600000.0,closedlost,0.0,2024-09-06 06:24:33.341000 UTC,2024-09-20 12:36:04.078000 UTC,2024-09-20 12:34:40.291000 UTC,51657849,False,0.0,Skandia
10476919679,500000.0,closedlost,0.0,2022-10-06 16:31:49.915000 UTC,2022-12-16 13:09:26.732000 UTC,2022-12-16 13:09:25.977000 UTC,51657849,False,0.0,Oalty - PowerBI - Cecila
20069262668,70000.0,closedlost,0.0,2024-06-14 04:43:03.943000 UTC,2024-09-06 12:11:01.275000 UTC,2024-09-06 12:08:38.199000 UTC,51657849,False,0.0,Designplan (Ortega Group) - Report changes
11677490278,1000000.0,closedlost,0.0,2023-01-12 18:30:07.769000 UTC,2023-01-13 13:03:57.286000 UTC,2023-01-13 13:03:55.554000 UTC,51657849,False,0.0,Tradera - DE
18450986615,100000.0,closedlost,0.0,2024-04-05 13:41:47.124000 UTC,2024-05-03 12:23:42.113000 UTC,2024-05-03 12:23:33.692000 UTC,51657849,False,0.0,Polar Cape - Offentlig upphandling
28611457967,150000.0,1102499,0.2,2024-11-01 13:10:05.078000 UTC,2025-05-16 12:15:05.298000 UTC,2024-12-01 13:09:02.580000 UTC,51657849,False,30000.0,Ortega Group - Erp change
35470199057,80000.0,closedwon,1.0,2025-04-04 11:26:21.091000 UTC,2025-05-02 09:20:07.966000 UTC,2025-05-02 09:20:05.370000 UTC,51657849,False,80000.0,Ortega Group - Platform review
9053888781,150000.0,closedwon,1.0,2022-05-31 09:01:12.467000 UTC,2025-03-06 20:57:55.719000 UTC,2022-09-08 08:53:41.894000 UTC,51657849,False,150000.0,Gonzalez-Miller - Future collaboration
34353066144,300000.0,closedwon,1.0,2025-03-07 12:09:39.564000 UTC,2025-03-07 12:09:40.820000 UTC,2025-04-06 11:08:48.145000 UTC,51657849,False,300000.0,Avida förlänging
10477007535,500000.0,closedwon,1.0,2022-10-06 16:32:54.731000 UTC,2022-10-14 15:00:35.104000 UTC,2022-10-14 15:00:32.190000 UTC,51657849,False,500000.0,Gonzalez-Miller BI
36611040774,850000.0,closedwon,1.0,2025-05-02 09:20:54.045000 UTC,2025-05-11 15:25:14.701000 UTC,2025-05-11 15:25:12.083000 UTC,51657849,False,850000.0,Avida förlängning
9922727760,900000.0,closedwon,1.0,2022-08-24 19:18:40.626000 UTC,2022-08-24 19:18:42.151000 UTC,2022-08-31 19:18:05.660000 UTC,51657849,False,900000.0,"Miller, Swanson and Black Sosa, Phelps and Smith"
12822539554,1000000.0,closedwon,1.0,2023-04-03 13:21:23.214000 UTC,2023-04-12 19:03:22.660000 UTC,2023-04-12 19:03:21.677000 UTC,51657849,False,1000000.0,"Rogers, Perry and Ramsey - utökning"
20401724746,1500000.0,closedwon,1.0,2024-06-28 11:48:56.458000 UTC,2024-10-04 12:05:31.909000 UTC,2024-10-04 12:05:25.042000 UTC,51657849,False,1500000.0,"Avida förlängning, konsultväxling"
16527611542,1600000.0,closedwon,1.0,2023-12-15 12:06:06.718000 UTC,2023-12-19 09:50:47.568000 UTC,2023-12-19 09:48:51.678000 UTC,51657849,False,1600000.0,"Park, Elliott and Castillo"
6633034763,3000000.0,closedwon,1.0,2021-10-15 12:32:18.072000 UTC,2022-03-16 12:10:47.570000 UTC,2022-03-16 12:10:46.629000 UTC,51657849,False,3000000.0,Gonzalez-Miller - Ny plattform
35474741064,500000.0,closedlost,0.0,2025-04-04 12:10:52.329000 UTC,2025-09-05 12:12:39.972000 UTC,2025-09-05 12:12:31.831000 UTC,613586292,False,0.0,Vattenfall
33163982232,1000000.0,closedlost,0.0,2025-02-07 12:10:00.293000 UTC,2025-03-21 10:24:14.190000 UTC,2025-03-21 10:23:38.362000 UTC,613586292,False,0.0,Wellma - Data Platform
16246485812,800000.0,closedlost,0.0,2023-11-27 14:22:28.357000 UTC,2023-12-20 14:44:17.161000 UTC,2023-12-20 14:44:16.356000 UTC,613586292,False,0.0,Skandia - Affärsanalytiker
35474741040,600000.0,closedlost,0.0,2025-04-04 12:10:30.034000 UTC,2025-06-13 12:12:56.576000 UTC,2025-06-13 12:12:48.661000 UTC,613586292,False,0.0,Lendo
16322459016,15000.0,closedwon,1.0,2023-12-01 13:00:19.194000 UTC,2023-12-15 13:07:59.296000 UTC,2023-12-15 13:07:56.264000 UTC,613586292,False,15000.0,Benders - AI opportunity assessment
42868546838,300000.0,12008384,0.1,2025-08-26 11:07:26.833000 UTC,2025-08-26 11:07:38.608000 UTC,2025-10-01 11:06:02.044000 UTC,613586292,False,30000.0,AI Agents
42657081732,100000.0,closedwon,1.0,2025-08-22 13:29:40.972000 UTC,2025-09-05 12:10:11.674000 UTC,2025-09-05 12:10:07.331000 UTC,613586292,False,100000.0,Terry and Sons Power BI
43098757276,500000.0,qualifiedtobuy,0.6,2025-08-29 09:47:11.367000 UTC,2025-09-05 12:12:30.973000 UTC,2025-09-28 09:46:51.817000 UTC,613586292,False,300000.0,Vattenfall - Data operating model
37119614303,300000.0,closedwon,1.0,2025-05-12 21:01:57.792000 UTC,2025-05-21 15:10:03.904000 UTC,2025-05-21 15:10:00.018000 UTC,613586292,False,300000.0,"Hernandez, Walker and Holt - Data Strategy"
22932614518,1100000.0,closedwon,1.0,2024-10-04 12:12:04.338000 UTC,2024-10-09 13:36:25.172000 UTC,2024-10-09 13:36:16.043000 UTC,613586292,False,1100000.0,"Reed, Berry and Wilkins - Enterprise Peters and Sons"
20293766543,350000.0,closedlost,0.0,2024-06-24 06:28:12.445000 UTC,2024-07-05 07:39:40.166000 UTC,2024-07-05 07:39:36.675000 UTC,644882961,False,0.0,Wisentic - Product Owner
18862998439,200000.0,closedlost,0.0,2024-04-24 09:14:47.142000 UTC,2025-08-22 12:16:44.520000 UTC,2025-08-22 12:16:38.198000 UTC,644882961,False,0.0,Gonzalez-Miller Predictive Maintenance POC
18377887648,1100000.0,closedlost,0.0,2024-04-02 12:23:59.135000 UTC,2024-04-05 12:08:03.254000 UTC,2024-04-05 12:07:50.615000 UTC,644882961,False,0.0,H&M Product Manager AIAD
20403073402,1500000.0,closedlost,0.0,2024-06-28 13:49:54.714000 UTC,2024-09-02 07:39:45.651000 UTC,2024-09-02 07:39:42.082000 UTC,644882961,False,0.0,Ortega Group Collection implementation
18169642919,16000.0,closedwon,1.0,2024-03-22 13:06:22.234000 UTC,2024-06-28 12:07:41.533000 UTC,2024-06-28 12:07:28.504000 UTC,644882961,False,16000.0,KRI:er med Maria & Tobias
21664420277,,closedwon,1.0,2024-08-23 11:40:29.698000 UTC,2024-09-20 12:07:04.063000 UTC,2024-09-20 12:05:17.078000 UTC,649695874,False,,Taylor and Sons - Opp Assessment
17167843593,500000.0,closedlost,0.0,2024-01-26 10:00:56.347000 UTC,2024-05-03 12:24:29.031000 UTC,2024-05-03 12:24:15.159000 UTC,649695874,False,0.0,HiQ - cooperation
17287461893,500000.0,closedlost,0.0,2024-02-01 07:47:32.608000 UTC,2024-02-09 13:05:33.528000 UTC,2024-02-09 13:05:29.745000 UTC,649695874,False,0.0,Region Sörmland - open data
16574777218,500000.0,closedlost,0.0,2023-12-18 14:18:31.875000 UTC,2024-01-10 15:11:58.062000 UTC,2024-01-10 15:10:09.912000 UTC,649695874,False,0.0,STING - datadrivet beslutsstöd
16949381467,100000.0,closedlost,0.0,2024-01-15 10:37:23.258000 UTC,2024-01-26 09:58:44.444000 UTC,2024-01-26 09:58:41.827000 UTC,649695874,False,0.0,Dustin - AI opp assessment
22932614577,100000.0,closedlost,0.0,2024-10-04 12:12:53.583000 UTC,2025-05-16 12:18:32.338000 UTC,2025-05-16 12:16:39.896000 UTC,649695874,False,0.0,Taylor and Sons - Opp Assessment next step
20548238905,100000.0,closedlost,0.0,2024-07-05 08:33:20.668000 UTC,2024-11-15 13:09:21.640000 UTC,2024-11-15 13:08:30.616000 UTC,649695874,False,0.0,Sell Power - Service bot
16992263511,300000.0,closedlost,0.0,2024-01-17 08:22:32.478000 UTC,2024-02-14 08:26:09.461000 UTC,2024-02-14 08:22:32.989000 UTC,649695874,False,0.0,"Trafikanalys - Sosa, Phelps and Smith"
19430316570,700000.0,closedlost,0.0,2024-05-17 08:31:07.196000 UTC,2024-06-14 08:57:31.176000 UTC,2024-06-14 08:57:28.743000 UTC,649695874,False,0.0,Mojang - Tucker-White
16573475215,500000.0,closedlost,0.0,2023-12-18 14:23:26.796000 UTC,2024-10-04 12:11:01.571000 UTC,2024-10-04 12:10:54.848000 UTC,649695874,False,0.0,"Smith, Dawson and Hernandez kapital - data & AI opps portfolio company"
19063692111,100000.0,closedlost,0.0,2024-05-02 08:18:24.939000 UTC,2024-11-15 13:09:13.965000 UTC,2024-11-15 13:08:08.288000 UTC,649695874,False,0.0,Sushi Yama - AI use case
20549185311,100000.0,closedlost,0.0,2024-07-05 10:58:53.652000 UTC,2024-11-15 13:09:20.905000 UTC,2024-11-15 13:08:35.185000 UTC,649695874,False,0.0,MAQS - LLM model assistant
16574777526,100000.0,closedlost,0.0,2023-12-18 14:20:41.819000 UTC,2024-03-08 13:17:51.058000 UTC,2024-03-08 13:17:39.526000 UTC,649695874,False,0.0,SL - AI-inspiration
16949491621,500000.0,closedlost,0.0,2024-01-15 10:40:39.362000 UTC,2024-04-05 12:17:22.703000 UTC,2024-04-05 12:17:08.139000 UTC,649695874,False,0.0,AI-act partner evaluation
20075316523,1200000.0,closedlost,0.0,2024-06-14 08:58:49.078000 UTC,2024-07-04 10:19:43.681000 UTC,2024-07-04 10:19:41.217000 UTC,649695874,False,0.0,HiQ - AI Leader
20398667580,500000.0,closedlost,0.0,2024-06-28 08:37:17.408000 UTC,2024-11-15 13:09:10.949000 UTC,2024-11-15 13:08:17.574000 UTC,649695874,False,0.0,Implema - possible partner
20398667684,100000.0,closedlost,0.0,2024-06-28 08:39:22.024000 UTC,2024-09-20 12:10:00.448000 UTC,2024-09-20 12:09:57.271000 UTC,649695874,False,0.0,SKT/NEWS
17918369061,100000.0,closedlost,0.0,2024-03-08 08:51:22.968000 UTC,2024-05-29 10:53:08.383000 UTC,2024-05-29 10:53:03.776000 UTC,649695874,False,0.0,Edurus - Gen AI client advisors
19696820382,500000.0,closedlost,0.0,2024-05-29 10:52:22.940000 UTC,2024-11-15 13:07:30.039000 UTC,2024-11-15 13:06:57.028000 UTC,649695874,False,0.0,MAX - Org/way of working
19063853393,500000.0,closedlost,0.0,2024-05-02 08:24:07.865000 UTC,2024-09-06 11:38:53.562000 UTC,2024-09-06 11:38:38.347000 UTC,649695874,False,0.0,Mötesbokning - follow-up first meetings
18167992696,100000.0,closedlost,0.0,2024-03-22 12:52:40.304000 UTC,2024-04-19 17:33:32.717000 UTC,2024-04-19 17:33:21.970000 UTC,649695874,False,0.0,AI-klivet (Transportsystem)
18169591327,10000.0,closedwon,1.0,2024-03-22 12:50:45.135000 UTC,2024-11-15 13:06:06.470000 UTC,2024-11-15 13:05:57.954000 UTC,649695874,False,10000.0,MAQS - AI-utbildning advokat nätverk
20298015259,10000.0,closedwon,1.0,2024-06-24 11:45:43.933000 UTC,2024-08-19 07:51:11.513000 UTC,2024-08-19 07:51:05.773000 UTC,649695874,False,10000.0,Physical Medicine Group - AI education
17918365004,30000.0,closedwon,1.0,2024-03-08 08:25:48.870000 UTC,2024-04-19 12:07:09.417000 UTC,2024-04-19 12:06:48.058000 UTC,649695874,False,30000.0,"Smith, Dawson and Hernandez - AI education (VD network)"
18169548974,30000.0,closedwon,1.0,2024-03-22 12:48:02.869000 UTC,2024-03-22 12:48:11.498000 UTC,2024-03-22 12:46:54.798000 UTC,649695874,False,30000.0,"Smith, Dawson and Hernandez - AI education (9/4)"
38844956688,1000000.0,1102499,0.2,2025-06-13 12:52:19.219000 UTC,2025-06-13 12:52:40.884000 UTC,2025-07-13 12:51:32.691000 UTC,649695874,False,200000.0,"Förlängning Harris, Watson and Donaldson"
19430316661,600000.0,closedwon,1.0,2024-05-17 08:32:43.729000 UTC,2024-05-24 08:15:09.391000 UTC,2024-05-24 08:09:33.933000 UTC,649695874,False,600000.0,"Lee, Freeman and Jones - Miller, Kidd and Dickson"
19752940625,900000.0,closedwon,1.0,2024-05-31 12:31:56.244000 UTC,2024-06-20 12:31:07.700000 UTC,2024-06-20 12:31:05.382000 UTC,649695874,False,900000.0,Joseph and Sons - Emma
22362940782,1800000.0,closedwon,1.0,2024-09-17 13:07:37.372000 UTC,2024-10-18 11:54:05.160000 UTC,2024-10-18 11:54:01.072000 UTC,649695874,False,1800000.0,"Harris, Watson and Donaldson - öppna data"
23362793821,200000.0,closedwon,1.0,2024-10-18 12:27:45.426000 UTC,2024-10-30 09:30:11.189000 UTC,2024-10-30 09:30:07.453000 UTC,729176879,False,200000.0,"Miller, Kidd and Dickson Extension"
