activity_time_id,employee_id,activity_id,activity_date,minutes,factor_value,notes_internal,processed_at
750,5,20,2025-05-10,0,0.0,Data Innovation Summit + Interna m√∂ten fredag,2025-09-08 05:26:08.566517 UTC
1256,3,17,2025-06-26,30,1.0,,2025-09-08 05:26:08.566517 UTC
1255,3,17,2025-06-25,30,1.0,,2025-09-08 05:26:08.566517 UTC
1257,3,17,2025-06-27,30,1.0,,2025-09-08 05:26:08.566517 UTC
1564,3,21,2025-08-21,30,1.0,,2025-09-08 05:26:08.566517 UTC
932,3,21,2025-06-17,30,1.0,,2025-09-08 05:26:08.566517 UTC
876,3,21,2025-06-10,30,1.0,,2025-09-08 05:26:08.566517 UTC
1295,3,25,2025-06-30,30,1.0,,2025-09-08 05:26:08.566517 UTC
1250,3,11,2025-06-27,60,1.0,,2025-09-08 05:26:08.566517 UTC
891,3,11,2025-06-11,60,1.0,,2025-09-08 05:26:08.566517 UTC
1519,3,11,2025-08-11,60,1.0,,2025-09-08 05:26:08.566517 UTC
1640,3,11,2025-08-27,60,1.0,,2025-09-08 05:26:08.566517 UTC
1357,3,11,2025-07-03,60,1.0,,2025-09-08 05:26:08.566517 UTC
1358,3,11,2025-07-04,60,1.0,,2025-09-08 05:26:08.566517 UTC
1377,2,17,2025-07-02,60,1.0,,2025-09-08 05:26:08.566517 UTC
1378,2,17,2025-07-03,60,1.0,,2025-09-08 05:26:08.566517 UTC
1379,2,17,2025-07-04,60,1.0,,2025-09-08 05:26:08.566517 UTC
1372,2,17,2025-07-10,60,1.0,,2025-09-08 05:26:08.566517 UTC
848,3,20,2025-06-03,60,0.0,,2025-09-08 05:26:08.566517 UTC
1526,3,21,2025-08-11,60,1.0,,2025-09-08 05:26:08.566517 UTC
1709,11,21,2025-08-26,60,1.0,,2025-09-08 05:26:08.566517 UTC
507,3,21,2025-05-27,60,1.0,,2025-09-08 05:26:08.566517 UTC
1646,3,21,2025-08-26,60,1.0,,2025-09-08 05:26:08.566517 UTC
1690,11,21,2025-08-21,60,1.0,,2025-09-08 05:26:08.566517 UTC
1291,3,21,2025-07-03,60,1.0,,2025-09-08 05:26:08.566517 UTC
1688,11,21,2025-08-19,60,1.0,,2025-09-08 05:26:08.566517 UTC
1563,3,21,2025-08-20,60,1.0,,2025-09-08 05:26:08.566517 UTC
934,3,21,2025-06-19,60,1.0,,2025-09-08 05:26:08.566517 UTC
879,3,21,2025-06-13,60,1.0,,2025-09-08 05:26:08.566517 UTC
1534,3,22,2025-08-12,60,0.0,,2025-09-08 05:26:08.566517 UTC
1348,3,22,2025-07-01,60,0.0,,2025-09-08 05:26:08.566517 UTC
1535,3,22,2025-08-13,60,0.0,,2025-09-08 05:26:08.566517 UTC
1425,3,25,2025-07-29,60,1.0,,2025-09-08 05:26:08.566517 UTC
1717,11,25,2025-08-27,60,1.0,,2025-09-08 05:26:08.566517 UTC
1542,3,25,2025-08-13,60,1.0,,2025-09-08 05:26:08.566517 UTC
1577,3,25,2025-08-20,60,1.0,,2025-09-08 05:26:08.566517 UTC
1544,3,25,2025-08-15,60,1.0,,2025-09-08 05:26:08.566517 UTC
69,2,10,2025-04-07,90,1.0,,2025-09-08 05:26:08.566517 UTC
1639,3,11,2025-08-26,90,1.0,,2025-09-08 05:26:08.566517 UTC
939,3,17,2025-06-17,90,1.0,,2025-09-08 05:26:08.566517 UTC
828,3,21,2025-06-04,90,1.0,,2025-09-08 05:26:08.566517 UTC
878,3,21,2025-06-12,90,1.0,,2025-09-08 05:26:08.566517 UTC
875,3,21,2025-06-09,90,1.0,,2025-09-08 05:26:08.566517 UTC
883,3,22,2025-06-10,90,0.0,,2025-09-08 05:26:08.566517 UTC
953,3,22,2025-06-17,105,0.0,,2025-09-08 05:26:08.566517 UTC
1478,3,11,2025-08-05,120,1.0,,2025-09-08 05:26:08.566517 UTC
1558,3,11,2025-08-22,120,1.0,,2025-09-08 05:26:08.566517 UTC
893,3,11,2025-06-13,120,1.0,,2025-09-08 05:26:08.566517 UTC
11773,5,15,2025-08-13,120,1.0,,2025-09-08 05:26:08.566517 UTC
961,9,15,2025-06-25,120,1.0,,2025-09-08 05:26:08.566517 UTC
249,8,16,2025-04-15,120,1.0,,2025-09-08 05:26:08.566517 UTC
871,3,17,2025-06-12,120,1.0,,2025-09-08 05:26:08.566517 UTC
1369,2,17,2025-07-07,120,1.0,,2025-09-08 05:26:08.566517 UTC
1365,3,17,2025-07-04,120,1.0,,2025-09-08 05:26:08.566517 UTC
395,3,20,2025-05-13,120,0.0,,2025-09-08 05:26:08.566517 UTC
453,3,20,2025-05-22,120,0.0,,2025-09-08 05:26:08.566517 UTC
543,8,20,2025-05-21,120,0.0,,2025-09-08 05:26:08.566517 UTC
271,8,20,2025-04-30,120,0.0,,2025-09-08 05:26:08.566517 UTC
396,3,20,2025-05-14,120,0.0,,2025-09-08 05:26:08.566517 UTC
501,3,20,2025-05-28,120,0.0,,2025-09-08 05:26:08.566517 UTC
530,8,20,2025-05-15,120,0.0,,2025-09-08 05:26:08.566517 UTC
1116,2,20,2025-06-26,120,0.0,,2025-09-08 05:26:08.566517 UTC
394,3,20,2025-05-12,120,0.0,,2025-09-08 05:26:08.566517 UTC
1410,3,20,2025-07-28,120,0.0,,2025-09-08 05:26:08.566517 UTC
1527,3,21,2025-08-12,120,1.0,,2025-09-08 05:26:08.566517 UTC
1677,11,21,2025-08-15,120,1.0,,2025-09-08 05:26:08.566517 UTC
827,3,21,2025-06-03,120,1.0,,2025-09-08 05:26:08.566517 UTC
725,3,22,2025-05-12,120,0.0,,2025-09-08 05:26:08.566517 UTC
854,3,22,2025-06-02,120,0.0,,2025-09-08 05:26:08.566517 UTC
1570,3,22,2025-08-20,120,0.0,,2025-09-08 05:26:08.566517 UTC
736,3,22,2025-05-30,120,0.0,,2025-09-08 05:26:08.566517 UTC
884,3,22,2025-06-11,120,0.0,,2025-09-08 05:26:08.566517 UTC
1654,3,22,2025-08-27,120,0.0,,2025-09-08 05:26:08.566517 UTC
1351,3,22,2025-07-04,120,0.0,,2025-09-08 05:26:08.566517 UTC
1494,3,22,2025-08-07,120,0.0,,2025-09-08 05:26:08.566517 UTC
1493,3,22,2025-08-06,120,0.0,,2025-09-08 05:26:08.566517 UTC
11810,5,23,2025-08-29,120,0.0,,2025-09-08 05:26:08.566517 UTC
906,3,25,2025-06-12,120,1.0,,2025-09-08 05:26:08.566517 UTC
1541,3,25,2025-08-12,120,1.0,,2025-09-08 05:26:08.566517 UTC
1579,3,25,2025-08-22,120,1.0,,2025-09-08 05:26:08.566517 UTC
1660,3,25,2025-08-26,120,1.0,,2025-09-08 05:26:08.566517 UTC
1427,3,25,2025-07-31,120,1.0,,2025-09-08 05:26:08.566517 UTC
1540,3,25,2025-08-11,120,1.0,,2025-09-08 05:26:08.566517 UTC
1698,11,25,2025-08-22,120,1.0,,2025-09-08 05:26:08.566517 UTC
445,3,11,2025-05-21,150,1.0,,2025-09-08 05:26:08.566517 UTC
1281,3,20,2025-06-30,150,0.0,,2025-09-08 05:26:08.566517 UTC
454,3,20,2025-05-23,150,0.0,,2025-09-08 05:26:08.566517 UTC
450,3,20,2025-05-19,150,0.0,,2025-09-08 05:26:08.566517 UTC
885,3,22,2025-06-12,150,0.0,,2025-09-08 05:26:08.566517 UTC
1278,3,25,2025-06-27,150,1.0,,2025-09-08 05:26:08.566517 UTC
1403,3,11,2025-07-28,180,1.0,,2025-09-08 05:26:08.566517 UTC
1404,3,11,2025-07-29,180,1.0,,2025-09-08 05:26:08.566517 UTC
1520,3,11,2025-08-12,180,1.0,,2025-09-08 05:26:08.566517 UTC
1406,3,11,2025-07-31,180,1.0,,2025-09-08 05:26:08.566517 UTC
446,3,11,2025-05-22,180,1.0,,2025-09-08 05:26:08.566517 UTC
1059,8,16,2025-06-25,180,1.0,,2025-09-08 05:26:08.566517 UTC
1110,2,17,2025-06-27,180,1.0,,2025-09-08 05:26:08.566517 UTC
503,3,20,2025-05-30,180,0.0,,2025-09-08 05:26:08.566517 UTC
1702,11,20,2025-08-26,180,0.0,,2025-09-08 05:26:08.566517 UTC
510,3,21,2025-05-30,180,1.0,,2025-09-08 05:26:08.566517 UTC
1561,3,21,2025-08-18,180,1.0,,2025-09-08 05:26:08.566517 UTC
488,3,21,2025-05-22,180,1.0,,2025-09-08 05:26:08.566517 UTC
1529,3,21,2025-08-14,180,1.0,,2025-09-08 05:26:08.566517 UTC
1530,3,21,2025-08-15,180,1.0,,2025-09-08 05:26:08.566517 UTC
829,3,21,2025-06-05,180,1.0,,2025-09-08 05:26:08.566517 UTC
954,3,22,2025-06-18,180,0.0,,2025-09-08 05:26:08.566517 UTC
955,3,22,2025-06-19,180,0.0,,2025-09-08 05:26:08.566517 UTC
1417,3,22,2025-07-28,180,0.0,,2025-09-08 05:26:08.566517 UTC
1420,3,22,2025-07-31,180,0.0,,2025-09-08 05:26:08.566517 UTC
952,3,22,2025-06-16,180,0.0,,2025-09-08 05:26:08.566517 UTC
1268,3,22,2025-06-24,180,0.0,,2025-09-08 05:26:08.566517 UTC
1270,3,22,2025-06-26,180,0.0,,2025-09-08 05:26:08.566517 UTC
1299,3,25,2025-07-04,180,1.0,,2025-09-08 05:26:08.566517 UTC
1290,3,21,2025-07-02,210,1.0,,2025-09-08 05:26:08.566517 UTC
1653,3,22,2025-08-26,210,0.0,,2025-09-08 05:26:08.566517 UTC
1267,3,22,2025-06-23,210,0.0,,2025-09-08 05:26:08.566517 UTC
1571,3,22,2025-08-21,210,0.0,,2025-09-08 05:26:08.566517 UTC
478,11,7,2025-05-23,240,1.0,,2025-09-08 05:26:08.566517 UTC
1235,10,9,2025-06-26,240,1.0,,2025-09-08 05:26:08.566517 UTC
1557,3,11,2025-08-21,240,1.0,,2025-09-08 05:26:08.566517 UTC
1556,3,11,2025-08-20,240,1.0,,2025-09-08 05:26:08.566517 UTC
387,3,11,2025-05-12,240,1.0,,2025-09-08 05:26:08.566517 UTC
1434,6,12,2025-07-10,240,1.0,,2025-09-08 05:26:08.566517 UTC
107,6,12,2025-04-11,240,1.0,,2025-09-08 05:26:08.566517 UTC
650,6,12,2025-05-16,240,1.0,,2025-09-08 05:26:08.566517 UTC
106,6,12,2025-04-10,240,1.0,,2025-09-08 05:26:08.566517 UTC
226,4,14,2025-04-11,240,1.0,,2025-09-08 05:26:08.566517 UTC
592,4,14,2025-05-07,240,1.0,,2025-09-08 05:26:08.566517 UTC
11712,4,14,2025-08-22,240,1.0,,2025-09-08 05:26:08.566517 UTC
218,4,14,2025-04-17,240,1.0,,2025-09-08 05:26:08.566517 UTC
11698,4,14,2025-08-15,240,1.0,,2025-09-08 05:26:08.566517 UTC
11786,5,15,2025-08-05,240,1.0,,2025-09-08 05:26:08.566517 UTC
837,9,15,2025-06-06,240,1.0,,2025-09-08 05:26:08.566517 UTC
263,8,16,2025-04-29,240,1.0,,2025-09-08 05:26:08.566517 UTC
552,8,16,2025-05-30,240,1.0,,2025-09-08 05:26:08.566517 UTC
11758,5,18,2025-08-05,240,1.0,,2025-09-08 05:26:08.566517 UTC
1242,10,20,2025-06-26,240,0.0,,2025-09-08 05:26:08.566517 UTC
1701,11,20,2025-08-25,240,0.0,,2025-09-08 05:26:08.566517 UTC
599,4,20,2025-05-07,240,0.0,,2025-09-08 05:26:08.566517 UTC
11705,4,20,2025-08-15,240,0.0,,2025-09-08 05:26:08.566517 UTC
11719,4,20,2025-08-22,240,0.0,,2025-09-08 05:26:08.566517 UTC
1704,11,20,2025-08-28,240,0.0,,2025-09-08 05:26:08.566517 UTC
559,8,20,2025-05-30,240,0.0,,2025-09-08 05:26:08.566517 UTC
810,11,20,2025-05-23,240,0.0,,2025-09-08 05:26:08.566517 UTC
1562,3,21,2025-08-19,240,1.0,,2025-09-08 05:26:08.566517 UTC
1712,11,21,2025-08-29,240,1.0,,2025-09-08 05:26:08.566517 UTC
1711,11,21,2025-08-28,240,1.0,,2025-09-08 05:26:08.566517 UTC
1708,11,21,2025-08-25,240,1.0,,2025-09-08 05:26:08.566517 UTC
1569,3,22,2025-08-19,240,0.0,,2025-09-08 05:26:08.566517 UTC
1271,3,22,2025-06-27,240,0.0,,2025-09-08 05:26:08.566517 UTC
1418,3,22,2025-07-29,240,0.0,,2025-09-08 05:26:08.566517 UTC
1495,3,22,2025-08-08,240,0.0,,2025-09-08 05:26:08.566517 UTC
1572,3,22,2025-08-22,240,0.0,,2025-09-08 05:26:08.566517 UTC
1652,3,22,2025-08-25,240,0.0,,2025-09-08 05:26:08.566517 UTC
1533,3,22,2025-08-11,240,0.0,,2025-09-08 05:26:08.566517 UTC
1537,3,22,2025-08-15,240,0.0,,2025-09-08 05:26:08.566517 UTC
1441,6,24,2025-07-10,240,0.0,,2025-09-08 05:26:08.566517 UTC
657,6,24,2025-05-16,240,0.0,,2025-09-08 05:26:08.566517 UTC
948,3,25,2025-06-19,240,1.0,,2025-09-08 05:26:08.566517 UTC
1716,11,25,2025-08-26,240,1.0,,2025-09-08 05:26:08.566517 UTC
1502,3,25,2025-08-08,240,1.0,,2025-09-08 05:26:08.566517 UTC
1659,3,25,2025-08-25,240,1.0,,2025-09-08 05:26:08.566517 UTC
1719,11,25,2025-08-29,240,1.0,,2025-09-08 05:26:08.566517 UTC
946,3,25,2025-06-17,255,1.0,,2025-09-08 05:26:08.566517 UTC
1349,3,22,2025-07-02,270,0.0,,2025-09-08 05:26:08.566517 UTC
1277,3,25,2025-06-26,270,1.0,,2025-09-08 05:26:08.566517 UTC
1274,3,25,2025-06-23,270,1.0,,2025-09-08 05:26:08.566517 UTC
870,3,17,2025-06-11,300,1.0,,2025-09-08 05:26:08.566517 UTC
1117,2,20,2025-06-27,300,0.0,,2025-09-08 05:26:08.566517 UTC
1066,8,20,2025-06-25,300,0.0,,2025-09-08 05:26:08.566517 UTC
931,3,21,2025-06-16,300,1.0,,2025-09-08 05:26:08.566517 UTC
1288,3,21,2025-06-30,300,1.0,,2025-09-08 05:26:08.566517 UTC
855,3,22,2025-06-03,300,0.0,,2025-09-08 05:26:08.566517 UTC
1568,3,22,2025-08-18,300,0.0,,2025-09-08 05:26:08.566517 UTC
857,3,22,2025-06-05,300,0.0,,2025-09-08 05:26:08.566517 UTC
1536,3,22,2025-08-14,300,0.0,,2025-09-08 05:26:08.566517 UTC
886,3,22,2025-06-13,300,0.0,,2025-09-08 05:26:08.566517 UTC
1661,3,25,2025-08-27,300,1.0,,2025-09-08 05:26:08.566517 UTC
1275,3,25,2025-06-24,300,1.0,,2025-09-08 05:26:08.566517 UTC
947,3,25,2025-06-18,300,1.0,,2025-09-08 05:26:08.566517 UTC
447,3,11,2025-05-23,330,1.0,,2025-09-08 05:26:08.566517 UTC
718,3,22,2025-05-19,330,0.0,,2025-09-08 05:26:08.566517 UTC
720,3,22,2025-05-21,330,0.0,,2025-09-08 05:26:08.566517 UTC
389,3,11,2025-05-14,360,1.0,,2025-09-08 05:26:08.566517 UTC
494,3,11,2025-05-28,360,1.0,,2025-09-08 05:26:08.566517 UTC
388,3,11,2025-05-13,360,1.0,,2025-09-08 05:26:08.566517 UTC
1521,3,11,2025-08-13,360,1.0,,2025-09-08 05:26:08.566517 UTC
203,4,14,2025-04-30,360,1.0,,2025-09-08 05:26:08.566517 UTC
264,8,16,2025-04-30,360,1.0,,2025-09-08 05:26:08.566517 UTC
523,8,16,2025-05-15,360,1.0,,2025-09-08 05:26:08.566517 UTC
536,8,16,2025-05-21,360,1.0,,2025-09-08 05:26:08.566517 UTC
869,3,17,2025-06-10,360,1.0,,2025-09-08 05:26:08.566517 UTC
1109,2,17,2025-06-26,360,1.0,,2025-09-08 05:26:08.566517 UTC
11803,5,18,2025-08-29,360,1.0,,2025-09-08 05:26:08.566517 UTC
11780,5,18,2025-08-13,360,1.0,,2025-09-08 05:26:08.566517 UTC
1382,2,20,2025-07-07,360,0.0,,2025-09-08 05:26:08.566517 UTC
1684,11,20,2025-08-22,360,0.0,,2025-09-08 05:26:08.566517 UTC
1670,11,20,2025-08-15,360,0.0,,2025-09-08 05:26:08.566517 UTC
826,3,21,2025-06-02,360,1.0,,2025-09-08 05:26:08.566517 UTC
1350,3,22,2025-07-03,360,0.0,,2025-09-08 05:26:08.566517 UTC
1501,3,25,2025-08-07,360,1.0,,2025-09-08 05:26:08.566517 UTC
1500,3,25,2025-08-06,360,1.0,,2025-09-08 05:26:08.566517 UTC
1499,3,25,2025-08-05,360,1.0,,2025-09-08 05:26:08.566517 UTC
882,3,22,2025-06-09,390,0.0,,2025-09-08 05:26:08.566517 UTC
856,3,22,2025-06-04,390,0.0,,2025-09-08 05:26:08.566517 UTC
493,3,11,2025-05-27,420,1.0,,2025-09-08 05:26:08.566517 UTC
1385,2,20,2025-07-10,420,0.0,,2025-09-08 05:26:08.566517 UTC
1703,11,20,2025-08-27,420,0.0,,2025-09-08 05:26:08.566517 UTC
1124,2,20,2025-07-04,420,0.0,,2025-09-08 05:26:08.566517 UTC
1123,2,20,2025-07-03,420,0.0,,2025-09-08 05:26:08.566517 UTC
1683,11,20,2025-08-21,420,0.0,,2025-09-08 05:26:08.566517 UTC
1681,11,20,2025-08-19,420,0.0,,2025-09-08 05:26:08.566517 UTC
1122,2,20,2025-07-02,420,0.0,,2025-09-08 05:26:08.566517 UTC
1289,3,21,2025-07-01,420,1.0,,2025-09-08 05:26:08.566517 UTC
1262,3,20,2025-06-25,450,0.0,,2025-09-08 05:26:08.566517 UTC
1316,11,7,2025-06-23,480,1.0,,2025-09-08 05:26:08.566517 UTC
463,11,7,2025-05-08,480,1.0,,2025-09-08 05:26:08.566517 UTC
56,11,7,2025-04-22,480,1.0,,2025-09-08 05:26:08.566517 UTC
897,11,7,2025-06-10,480,1.0,,2025-09-08 05:26:08.566517 UTC
841,11,7,2025-06-03,480,1.0,,2025-09-08 05:26:08.566517 UTC
842,11,7,2025-06-04,480,1.0,,2025-09-08 05:26:08.566517 UTC
51,11,7,2025-04-10,480,1.0,,2025-09-08 05:26:08.566517 UTC
1318,11,7,2025-06-25,480,1.0,,2025-09-08 05:26:08.566517 UTC
475,11,7,2025-05-20,480,1.0,,2025-09-08 05:26:08.566517 UTC
66,11,7,2025-05-02,480,1.0,,2025-09-08 05:26:08.566517 UTC
468,11,7,2025-05-13,480,1.0,,2025-09-08 05:26:08.566517 UTC
52,11,7,2025-04-11,480,1.0,,2025-09-08 05:26:08.566517 UTC
467,11,7,2025-05-12,480,1.0,,2025-09-08 05:26:08.566517 UTC
476,11,7,2025-05-21,480,1.0,,2025-09-08 05:26:08.566517 UTC
900,11,7,2025-06-13,480,1.0,,2025-09-08 05:26:08.566517 UTC
896,11,7,2025-06-09,480,1.0,,2025-09-08 05:26:08.566517 UTC
483,11,7,2025-05-28,480,1.0,,2025-09-08 05:26:08.566517 UTC
62,11,7,2025-04-28,480,1.0,,2025-09-08 05:26:08.566517 UTC
481,11,7,2025-05-26,480,1.0,,2025-09-08 05:26:08.566517 UTC
1320,11,7,2025-06-27,480,1.0,,2025-09-08 05:26:08.566517 UTC
469,11,7,2025-05-14,480,1.0,,2025-09-08 05:26:08.566517 UTC
477,11,7,2025-05-22,480,1.0,,2025-09-08 05:26:08.566517 UTC
464,11,7,2025-05-09,480,1.0,,2025-09-08 05:26:08.566517 UTC
1310,11,7,2025-06-17,480,1.0,,2025-09-08 05:26:08.566517 UTC
1317,11,7,2025-06-24,480,1.0,,2025-09-08 05:26:08.566517 UTC
59,11,7,2025-04-25,480,1.0,,2025-09-08 05:26:08.566517 UTC
10,11,7,2025-04-03,480,1.0,,2025-09-08 05:26:08.566517 UTC
48,11,7,2025-04-07,480,1.0,,2025-09-08 05:26:08.566517 UTC
474,11,7,2025-05-19,480,1.0,,2025-09-08 05:26:08.566517 UTC
840,11,7,2025-06-02,480,1.0,,2025-09-08 05:26:08.566517 UTC
57,11,7,2025-04-23,480,1.0,,2025-09-08 05:26:08.566517 UTC
64,11,7,2025-04-30,480,1.0,,2025-09-08 05:26:08.566517 UTC
11,11,7,2025-04-04,480,1.0,,2025-09-08 05:26:08.566517 UTC
843,11,7,2025-06-05,480,1.0,,2025-09-08 05:26:08.566517 UTC
1312,11,7,2025-06-19,480,1.0,,2025-09-08 05:26:08.566517 UTC
58,11,7,2025-04-24,480,1.0,,2025-09-08 05:26:08.566517 UTC
49,11,7,2025-04-08,480,1.0,,2025-09-08 05:26:08.566517 UTC
482,11,7,2025-05-27,480,1.0,,2025-09-08 05:26:08.566517 UTC
460,11,7,2025-05-05,480,1.0,,2025-09-08 05:26:08.566517 UTC
1309,11,7,2025-06-16,480,1.0,,2025-09-08 05:26:08.566517 UTC
63,11,7,2025-04-29,480,1.0,,2025-09-08 05:26:08.566517 UTC
462,11,7,2025-05-07,480,1.0,,2025-09-08 05:26:08.566517 UTC
8,11,7,2025-04-01,480,1.0,,2025-09-08 05:26:08.566517 UTC
1311,11,7,2025-06-18,480,1.0,,2025-09-08 05:26:08.566517 UTC
50,11,7,2025-04-09,480,1.0,,2025-09-08 05:26:08.566517 UTC
898,11,7,2025-06-11,480,1.0,,2025-09-08 05:26:08.566517 UTC
9,11,7,2025-04-02,480,1.0,,2025-09-08 05:26:08.566517 UTC
461,11,7,2025-05-06,480,1.0,,2025-09-08 05:26:08.566517 UTC
409,12,8,2025-05-06,480,1.0,,2025-09-08 05:26:08.566517 UTC
411,12,8,2025-05-08,480,1.0,,2025-09-08 05:26:08.566517 UTC
412,12,8,2025-05-09,480,1.0,,2025-09-08 05:26:08.566517 UTC
429,12,8,2025-05-19,480,1.0,,2025-09-08 05:26:08.566517 UTC
138,12,8,2025-04-08,480,1.0,,2025-09-08 05:26:08.566517 UTC
160,12,8,2025-04-30,480,1.0,,2025-09-08 05:26:08.566517 UTC
431,12,8,2025-05-21,480,1.0,,2025-09-08 05:26:08.566517 UTC
141,12,8,2025-04-11,480,1.0,,2025-09-08 05:26:08.566517 UTC
1614,12,8,2025-08-29,480,1.0,,2025-09-08 05:26:08.566517 UTC
430,12,8,2025-05-20,480,1.0,,2025-09-08 05:26:08.566517 UTC
155,12,8,2025-04-25,480,1.0,,2025-09-08 05:26:08.566517 UTC
1590,12,8,2025-08-05,480,1.0,,2025-09-08 05:26:08.566517 UTC
1600,12,8,2025-08-15,480,1.0,,2025-09-08 05:26:08.566517 UTC
1598,12,8,2025-08-13,480,1.0,,2025-09-08 05:26:08.566517 UTC
426,12,8,2025-05-16,480,1.0,,2025-09-08 05:26:08.566517 UTC
159,12,8,2025-04-29,480,1.0,,2025-09-08 05:26:08.566517 UTC
1593,12,8,2025-08-08,480,1.0,,2025-09-08 05:26:08.566517 UTC
154,12,8,2025-04-24,480,1.0,,2025-09-08 05:26:08.566517 UTC
432,12,8,2025-05-22,480,1.0,,2025-09-08 05:26:08.566517 UTC
131,12,8,2025-04-01,480,1.0,,2025-09-08 05:26:08.566517 UTC
1612,12,8,2025-08-27,480,1.0,,2025-09-08 05:26:08.566517 UTC
140,12,8,2025-04-10,480,1.0,,2025-09-08 05:26:08.566517 UTC
1611,12,8,2025-08-26,480,1.0,,2025-09-08 05:26:08.566517 UTC
132,12,8,2025-04-02,480,1.0,,2025-09-08 05:26:08.566517 UTC
153,12,8,2025-04-23,480,1.0,,2025-09-08 05:26:08.566517 UTC
158,12,8,2025-04-28,480,1.0,,2025-09-08 05:26:08.566517 UTC
1589,12,8,2025-08-04,480,1.0,,2025-09-08 05:26:08.566517 UTC
133,12,8,2025-04-03,480,1.0,,2025-09-08 05:26:08.566517 UTC
422,12,8,2025-05-12,480,1.0,,2025-09-08 05:26:08.566517 UTC
436,12,8,2025-05-26,480,1.0,,2025-09-08 05:26:08.566517 UTC
134,12,8,2025-04-04,480,1.0,,2025-09-08 05:26:08.566517 UTC
437,12,8,2025-05-27,480,1.0,,2025-09-08 05:26:08.566517 UTC
1610,12,8,2025-08-25,480,1.0,,2025-09-08 05:26:08.566517 UTC
438,12,8,2025-05-28,480,1.0,,2025-09-08 05:26:08.566517 UTC
1591,12,8,2025-08-06,480,1.0,,2025-09-08 05:26:08.566517 UTC
1604,12,8,2025-08-19,480,1.0,,2025-09-08 05:26:08.566517 UTC
425,12,8,2025-05-15,480,1.0,,2025-09-08 05:26:08.566517 UTC
1592,12,8,2025-08-07,480,1.0,,2025-09-08 05:26:08.566517 UTC
1607,12,8,2025-08-22,480,1.0,,2025-09-08 05:26:08.566517 UTC
1605,12,8,2025-08-20,480,1.0,,2025-09-08 05:26:08.566517 UTC
162,12,8,2025-05-02,480,1.0,,2025-09-08 05:26:08.566517 UTC
424,12,8,2025-05-14,480,1.0,,2025-09-08 05:26:08.566517 UTC
1613,12,8,2025-08-28,480,1.0,,2025-09-08 05:26:08.566517 UTC
139,12,8,2025-04-09,480,1.0,,2025-09-08 05:26:08.566517 UTC
1606,12,8,2025-08-21,480,1.0,,2025-09-08 05:26:08.566517 UTC
1603,12,8,2025-08-18,480,1.0,,2025-09-08 05:26:08.566517 UTC
433,12,8,2025-05-23,480,1.0,,2025-09-08 05:26:08.566517 UTC
137,12,8,2025-04-07,480,1.0,,2025-09-08 05:26:08.566517 UTC
152,12,8,2025-04-22,480,1.0,,2025-09-08 05:26:08.566517 UTC
408,12,8,2025-05-05,480,1.0,,2025-09-08 05:26:08.566517 UTC
1597,12,8,2025-08-12,480,1.0,,2025-09-08 05:26:08.566517 UTC
1599,12,8,2025-08-14,480,1.0,,2025-09-08 05:26:08.566517 UTC
423,12,8,2025-05-13,480,1.0,,2025-09-08 05:26:08.566517 UTC
1729,10,9,2025-08-18,480,1.0,,2025-09-08 05:26:08.566517 UTC
43,10,9,2025-04-30,480,1.0,,2025-09-08 05:26:08.566517 UTC
1731,10,9,2025-08-20,480,1.0,,2025-09-08 05:26:08.566517 UTC
777,10,9,2025-05-09,480,1.0,,2025-09-08 05:26:08.566517 UTC
910,10,9,2025-06-09,480,1.0,,2025-09-08 05:26:08.566517 UTC
1226,10,9,2025-07-01,480,1.0,,2025-09-08 05:26:08.566517 UTC
920,10,9,2025-06-05,480,1.0,,2025-09-08 05:26:08.566517 UTC
35,10,9,2025-04-22,480,1.0,,2025-09-08 05:26:08.566517 UTC
15,10,9,2025-04-02,480,1.0,,2025-09-08 05:26:08.566517 UTC
1732,10,9,2025-08-21,480,1.0,,2025-09-08 05:26:08.566517 UTC
798,10,9,2025-05-27,480,1.0,,2025-09-08 05:26:08.566517 UTC
791,10,9,2025-05-20,480,1.0,,2025-09-08 05:26:08.566517 UTC
918,10,9,2025-06-03,480,1.0,,2025-09-08 05:26:08.566517 UTC
793,10,9,2025-05-22,480,1.0,,2025-09-08 05:26:08.566517 UTC
45,10,9,2025-05-02,480,1.0,,2025-09-08 05:26:08.566517 UTC
790,10,9,2025-05-19,480,1.0,,2025-09-08 05:26:08.566517 UTC
36,10,9,2025-04-23,480,1.0,,2025-09-08 05:26:08.566517 UTC
917,10,9,2025-06-02,480,1.0,,2025-09-08 05:26:08.566517 UTC
1236,10,9,2025-06-27,480,1.0,,2025-09-08 05:26:08.566517 UTC
1730,10,9,2025-08-19,480,1.0,,2025-09-08 05:26:08.566517 UTC
28,10,9,2025-04-15,480,1.0,,2025-09-08 05:26:08.566517 UTC
29,10,9,2025-04-16,480,1.0,,2025-09-08 05:26:08.566517 UTC
799,10,9,2025-05-28,480,1.0,,2025-09-08 05:26:08.566517 UTC
774,10,9,2025-05-06,480,1.0,,2025-09-08 05:26:08.566517 UTC
911,10,9,2025-06-10,480,1.0,,2025-09-08 05:26:08.566517 UTC
919,10,9,2025-06-04,480,1.0,,2025-09-08 05:26:08.566517 UTC
37,10,9,2025-04-24,480,1.0,,2025-09-08 05:26:08.566517 UTC
1228,10,9,2025-07-03,480,1.0,,2025-09-08 05:26:08.566517 UTC
24,10,9,2025-04-11,480,1.0,,2025-09-08 05:26:08.566517 UTC
41,10,9,2025-04-28,480,1.0,,2025-09-08 05:26:08.566517 UTC
773,10,9,2025-05-05,480,1.0,,2025-09-08 05:26:08.566517 UTC
797,10,9,2025-05-26,480,1.0,,2025-09-08 05:26:08.566517 UTC
1549,10,9,2025-08-13,480,1.0,,2025-09-08 05:26:08.566517 UTC
16,10,9,2025-04-03,480,1.0,,2025-09-08 05:26:08.566517 UTC
14,10,9,2025-04-01,480,1.0,,2025-09-08 05:26:08.566517 UTC
785,10,9,2025-05-14,480,1.0,,2025-09-08 05:26:08.566517 UTC
1229,10,9,2025-07-04,480,1.0,,2025-09-08 05:26:08.566517 UTC
784,10,9,2025-05-13,480,1.0,,2025-09-08 05:26:08.566517 UTC
1233,10,9,2025-06-24,480,1.0,,2025-09-08 05:26:08.566517 UTC
21,10,9,2025-04-08,480,1.0,,2025-09-08 05:26:08.566517 UTC
1550,10,9,2025-08-14,480,1.0,,2025-09-08 05:26:08.566517 UTC
38,10,9,2025-04-25,480,1.0,,2025-09-08 05:26:08.566517 UTC
787,10,9,2025-05-16,480,1.0,,2025-09-08 05:26:08.566517 UTC
27,10,9,2025-04-14,480,1.0,,2025-09-08 05:26:08.566517 UTC
776,10,9,2025-05-08,480,1.0,,2025-09-08 05:26:08.566517 UTC
794,10,9,2025-05-23,480,1.0,,2025-09-08 05:26:08.566517 UTC
1232,10,9,2025-06-23,480,1.0,,2025-09-08 05:26:08.566517 UTC
783,10,9,2025-05-12,480,1.0,,2025-09-08 05:26:08.566517 UTC
23,10,9,2025-04-10,480,1.0,,2025-09-08 05:26:08.566517 UTC
914,10,9,2025-06-13,480,1.0,,2025-09-08 05:26:08.566517 UTC
786,10,9,2025-05-15,480,1.0,,2025-09-08 05:26:08.566517 UTC
1725,10,9,2025-08-28,480,1.0,,2025-09-08 05:26:08.566517 UTC
1225,10,9,2025-06-30,480,1.0,,2025-09-08 05:26:08.566517 UTC
1724,10,9,2025-08-27,480,1.0,,2025-09-08 05:26:08.566517 UTC
17,10,9,2025-04-04,480,1.0,,2025-09-08 05:26:08.566517 UTC
1227,10,9,2025-07-02,480,1.0,,2025-09-08 05:26:08.566517 UTC
1733,10,9,2025-08-22,480,1.0,,2025-09-08 05:26:08.566517 UTC
42,10,9,2025-04-29,480,1.0,,2025-09-08 05:26:08.566517 UTC
1551,10,9,2025-08-15,480,1.0,,2025-09-08 05:26:08.566517 UTC
20,10,9,2025-04-07,480,1.0,,2025-09-08 05:26:08.566517 UTC
775,10,9,2025-05-07,480,1.0,,2025-09-08 05:26:08.566517 UTC
792,10,9,2025-05-21,480,1.0,,2025-09-08 05:26:08.566517 UTC
22,10,9,2025-04-09,480,1.0,,2025-09-08 05:26:08.566517 UTC
1234,10,9,2025-06-25,480,1.0,,2025-09-08 05:26:08.566517 UTC
1726,10,9,2025-08-29,480,1.0,,2025-09-08 05:26:08.566517 UTC
1078,2,10,2025-06-02,480,1.0,,2025-09-08 05:26:08.566517 UTC
90,2,10,2025-04-28,480,1.0,,2025-09-08 05:26:08.566517 UTC
1088,2,10,2025-06-12,480,1.0,,2025-09-08 05:26:08.566517 UTC
697,2,10,2025-05-21,480,1.0,,2025-09-08 05:26:08.566517 UTC
91,2,10,2025-04-29,480,1.0,,2025-09-08 05:26:08.566517 UTC
692,2,10,2025-05-16,480,1.0,,2025-09-08 05:26:08.566517 UTC
1080,2,10,2025-06-04,480,1.0,,2025-09-08 05:26:08.566517 UTC
73,2,10,2025-04-11,480,1.0,,2025-09-08 05:26:08.566517 UTC
695,2,10,2025-05-19,480,1.0,,2025-09-08 05:26:08.566517 UTC
682,2,10,2025-05-06,480,1.0,,2025-09-08 05:26:08.566517 UTC
704,2,10,2025-05-28,480,1.0,,2025-09-08 05:26:08.566517 UTC
1094,2,10,2025-06-18,480,1.0,,2025-09-08 05:26:08.566517 UTC
690,2,10,2025-05-14,480,1.0,,2025-09-08 05:26:08.566517 UTC
698,2,10,2025-05-22,480,1.0,,2025-09-08 05:26:08.566517 UTC
77,2,10,2025-04-15,480,1.0,,2025-09-08 05:26:08.566517 UTC
71,2,10,2025-04-09,480,1.0,,2025-09-08 05:26:08.566517 UTC
86,2,10,2025-04-24,480,1.0,,2025-09-08 05:26:08.566517 UTC
1087,2,10,2025-06-11,480,1.0,,2025-09-08 05:26:08.566517 UTC
1081,2,10,2025-06-05,480,1.0,,2025-09-08 05:26:08.566517 UTC
1086,2,10,2025-06-10,480,1.0,,2025-09-08 05:26:08.566517 UTC
681,2,10,2025-05-05,480,1.0,,2025-09-08 05:26:08.566517 UTC
84,2,10,2025-04-22,480,1.0,,2025-09-08 05:26:08.566517 UTC
689,2,10,2025-05-13,480,1.0,,2025-09-08 05:26:08.566517 UTC
684,2,10,2025-05-08,480,1.0,,2025-09-08 05:26:08.566517 UTC
78,2,10,2025-04-16,480,1.0,,2025-09-08 05:26:08.566517 UTC
702,2,10,2025-05-26,480,1.0,,2025-09-08 05:26:08.566517 UTC
696,2,10,2025-05-20,480,1.0,,2025-09-08 05:26:08.566517 UTC
76,2,10,2025-04-14,480,1.0,,2025-09-08 05:26:08.566517 UTC
691,2,10,2025-05-15,480,1.0,,2025-09-08 05:26:08.566517 UTC
1079,2,10,2025-06-03,480,1.0,,2025-09-08 05:26:08.566517 UTC
706,2,10,2025-05-30,480,1.0,,2025-09-08 05:26:08.566517 UTC
1092,2,10,2025-06-16,480,1.0,,2025-09-08 05:26:08.566517 UTC
1085,2,10,2025-06-09,480,1.0,,2025-09-08 05:26:08.566517 UTC
85,2,10,2025-04-23,480,1.0,,2025-09-08 05:26:08.566517 UTC
94,2,10,2025-05-02,480,1.0,,2025-09-08 05:26:08.566517 UTC
79,2,10,2025-04-17,480,1.0,,2025-09-08 05:26:08.566517 UTC
70,2,10,2025-04-08,480,1.0,,2025-09-08 05:26:08.566517 UTC
87,2,10,2025-04-25,480,1.0,,2025-09-08 05:26:08.566517 UTC
72,2,10,2025-04-10,480,1.0,,2025-09-08 05:26:08.566517 UTC
699,2,10,2025-05-23,480,1.0,,2025-09-08 05:26:08.566517 UTC
685,2,10,2025-05-09,480,1.0,,2025-09-08 05:26:08.566517 UTC
1089,2,10,2025-06-13,480,1.0,,2025-09-08 05:26:08.566517 UTC
1093,2,10,2025-06-17,480,1.0,,2025-09-08 05:26:08.566517 UTC
688,2,10,2025-05-12,480,1.0,,2025-09-08 05:26:08.566517 UTC
92,2,10,2025-04-30,480,1.0,,2025-09-08 05:26:08.566517 UTC
703,2,10,2025-05-27,480,1.0,,2025-09-08 05:26:08.566517 UTC
683,2,10,2025-05-07,480,1.0,,2025-09-08 05:26:08.566517 UTC
309,3,11,2025-04-17,480,1.0,,2025-09-08 05:26:08.566517 UTC
315,3,11,2025-04-09,480,1.0,,2025-09-08 05:26:08.566517 UTC
280,3,11,2025-05-02,480,1.0,,2025-09-08 05:26:08.566517 UTC
278,3,11,2025-04-30,480,1.0,,2025-09-08 05:26:08.566517 UTC
492,3,11,2025-05-26,480,1.0,,2025-09-08 05:26:08.566517 UTC
295,3,11,2025-04-03,480,1.0,,2025-09-08 05:26:08.566517 UTC
293,3,11,2025-04-01,480,1.0,,2025-09-08 05:26:08.566517 UTC
308,3,11,2025-04-16,480,1.0,,2025-09-08 05:26:08.566517 UTC
294,3,11,2025-04-02,480,1.0,,2025-09-08 05:26:08.566517 UTC
313,3,11,2025-04-07,480,1.0,,2025-09-08 05:26:08.566517 UTC
276,3,11,2025-04-28,480,1.0,,2025-09-08 05:26:08.566517 UTC
306,3,11,2025-04-14,480,1.0,,2025-09-08 05:26:08.566517 UTC
301,3,11,2025-04-23,480,1.0,,2025-09-08 05:26:08.566517 UTC
302,3,11,2025-04-24,480,1.0,,2025-09-08 05:26:08.566517 UTC
303,3,11,2025-04-25,480,1.0,,2025-09-08 05:26:08.566517 UTC
374,3,11,2025-05-06,480,1.0,,2025-09-08 05:26:08.566517 UTC
300,3,11,2025-04-22,480,1.0,,2025-09-08 05:26:08.566517 UTC
316,3,11,2025-04-10,480,1.0,,2025-09-08 05:26:08.566517 UTC
317,3,11,2025-04-11,480,1.0,,2025-09-08 05:26:08.566517 UTC
314,3,11,2025-04-08,480,1.0,,2025-09-08 05:26:08.566517 UTC
373,3,11,2025-05-05,480,1.0,,2025-09-08 05:26:08.566517 UTC
296,3,11,2025-04-04,480,1.0,,2025-09-08 05:26:08.566517 UTC
307,3,11,2025-04-15,480,1.0,,2025-09-08 05:26:08.566517 UTC
277,3,11,2025-04-29,480,1.0,,2025-09-08 05:26:08.566517 UTC
120,6,12,2025-04-24,480,1.0,,2025-09-08 05:26:08.566517 UTC
1008,6,12,2025-06-23,480,1.0,,2025-09-08 05:26:08.566517 UTC
981,6,12,2025-06-10,480,1.0,,2025-09-08 05:26:08.566517 UTC
104,6,12,2025-04-08,480,1.0,,2025-09-08 05:26:08.566517 UTC
619,6,12,2025-05-27,480,1.0,,2025-09-08 05:26:08.566517 UTC
618,6,12,2025-05-26,480,1.0,,2025-09-08 05:26:08.566517 UTC
967,6,12,2025-06-03,480,1.0,,2025-09-08 05:26:08.566517 UTC
110,6,12,2025-04-14,480,1.0,,2025-09-08 05:26:08.566517 UTC
105,6,12,2025-04-09,480,1.0,,2025-09-08 05:26:08.566517 UTC
1449,6,12,2025-08-01,480,1.0,,2025-09-08 05:26:08.566517 UTC
968,6,12,2025-06-04,480,1.0,,2025-09-08 05:26:08.566517 UTC
980,6,12,2025-06-09,480,1.0,,2025-09-08 05:26:08.566517 UTC
995,6,12,2025-06-17,480,1.0,,2025-09-08 05:26:08.566517 UTC
119,6,12,2025-04-23,480,1.0,,2025-09-08 05:26:08.566517 UTC
112,6,12,2025-04-16,480,1.0,,2025-09-08 05:26:08.566517 UTC
634,6,12,2025-05-21,480,1.0,,2025-09-08 05:26:08.566517 UTC
11745,6,12,2025-08-27,480,1.0,,2025-09-08 05:26:08.566517 UTC
1431,6,12,2025-07-07,480,1.0,,2025-09-08 05:26:08.566517 UTC
1453,6,12,2025-07-15,480,1.0,,2025-09-08 05:26:08.566517 UTC
662,6,12,2025-05-07,480,1.0,,2025-09-08 05:26:08.566517 UTC
125,6,12,2025-04-29,480,1.0,,2025-09-08 05:26:08.566517 UTC
996,6,12,2025-06-18,480,1.0,,2025-09-08 05:26:08.566517 UTC
103,6,12,2025-04-07,480,1.0,,2025-09-08 05:26:08.566517 UTC
660,6,12,2025-05-05,480,1.0,,2025-09-08 05:26:08.566517 UTC
1022,6,12,2025-06-30,480,1.0,,2025-09-08 05:26:08.566517 UTC
1452,6,12,2025-07-14,480,1.0,,2025-09-08 05:26:08.566517 UTC
118,6,12,2025-04-22,480,1.0,,2025-09-08 05:26:08.566517 UTC
966,6,12,2025-06-02,480,1.0,,2025-09-08 05:26:08.566517 UTC
620,6,12,2025-05-28,480,1.0,,2025-09-08 05:26:08.566517 UTC
1432,6,12,2025-07-08,480,1.0,,2025-09-08 05:26:08.566517 UTC
98,6,12,2025-04-02,480,1.0,,2025-09-08 05:26:08.566517 UTC
1024,6,12,2025-07-02,480,1.0,,2025-09-08 05:26:08.566517 UTC
11746,6,12,2025-08-28,480,1.0,,2025-09-08 05:26:08.566517 UTC
1009,6,12,2025-06-24,480,1.0,,2025-09-08 05:26:08.566517 UTC
1010,6,12,2025-06-25,480,1.0,,2025-09-08 05:26:08.566517 UTC
661,6,12,2025-05-06,480,1.0,,2025-09-08 05:26:08.566517 UTC
648,6,12,2025-05-14,480,1.0,,2025-09-08 05:26:08.566517 UTC
97,6,12,2025-04-01,480,1.0,,2025-09-08 05:26:08.566517 UTC
982,6,12,2025-06-11,480,1.0,,2025-09-08 05:26:08.566517 UTC
1433,6,12,2025-07-09,480,1.0,,2025-09-08 05:26:08.566517 UTC
633,6,12,2025-05-20,480,1.0,,2025-09-08 05:26:08.566517 UTC
1447,6,12,2025-07-30,480,1.0,,2025-09-08 05:26:08.566517 UTC
1445,6,12,2025-07-28,480,1.0,,2025-09-08 05:26:08.566517 UTC
1023,6,12,2025-07-01,480,1.0,,2025-09-08 05:26:08.566517 UTC
1454,6,12,2025-07-16,480,1.0,,2025-09-08 05:26:08.566517 UTC
1448,6,12,2025-07-31,480,1.0,,2025-09-08 05:26:08.566517 UTC
1446,6,12,2025-07-29,480,1.0,,2025-09-08 05:26:08.566517 UTC
11744,6,12,2025-08-26,480,1.0,,2025-09-08 05:26:08.566517 UTC
126,6,12,2025-04-30,480,1.0,,2025-09-08 05:26:08.566517 UTC
124,6,12,2025-04-28,480,1.0,,2025-09-08 05:26:08.566517 UTC
994,6,12,2025-06-16,480,1.0,,2025-09-08 05:26:08.566517 UTC
646,6,12,2025-05-12,480,1.0,,2025-09-08 05:26:08.566517 UTC
632,6,12,2025-05-19,480,1.0,,2025-09-08 05:26:08.566517 UTC
111,6,12,2025-04-15,480,1.0,,2025-09-08 05:26:08.566517 UTC
647,6,12,2025-05-13,480,1.0,,2025-09-08 05:26:08.566517 UTC
578,4,14,2025-05-14,480,1.0,,2025-09-08 05:26:08.566517 UTC
11689,4,14,2025-08-06,480,1.0,,2025-09-08 05:26:08.566517 UTC
1144,4,14,2025-06-12,480,1.0,,2025-09-08 05:26:08.566517 UTC
573,4,14,2025-05-23,480,1.0,,2025-09-08 05:26:08.566517 UTC
1156,4,14,2025-06-24,480,1.0,,2025-09-08 05:26:08.566517 UTC
1136,4,14,2025-06-04,480,1.0,,2025-09-08 05:26:08.566517 UTC
1134,4,14,2025-06-02,480,1.0,,2025-09-08 05:26:08.566517 UTC
11690,4,14,2025-08-07,480,1.0,,2025-09-08 05:26:08.566517 UTC
11723,4,14,2025-08-26,480,1.0,,2025-09-08 05:26:08.566517 UTC
579,4,14,2025-05-15,480,1.0,,2025-09-08 05:26:08.566517 UTC
562,4,14,2025-05-26,480,1.0,,2025-09-08 05:26:08.566517 UTC
594,4,14,2025-05-09,480,1.0,,2025-09-08 05:26:08.566517 UTC
202,4,14,2025-04-29,480,1.0,,2025-09-08 05:26:08.566517 UTC
1131,4,14,2025-07-04,480,1.0,,2025-09-08 05:26:08.566517 UTC
590,4,14,2025-05-05,480,1.0,,2025-09-08 05:26:08.566517 UTC
1148,4,14,2025-06-16,480,1.0,,2025-09-08 05:26:08.566517 UTC
11691,4,14,2025-08-08,480,1.0,,2025-09-08 05:26:08.566517 UTC
571,4,14,2025-05-21,480,1.0,,2025-09-08 05:26:08.566517 UTC
1150,4,14,2025-06-18,480,1.0,,2025-09-08 05:26:08.566517 UTC
1151,4,14,2025-06-19,480,1.0,,2025-09-08 05:26:08.566517 UTC
1127,4,14,2025-06-30,480,1.0,,2025-09-08 05:26:08.566517 UTC
216,4,14,2025-04-15,480,1.0,,2025-09-08 05:26:08.566517 UTC
572,4,14,2025-05-22,480,1.0,,2025-09-08 05:26:08.566517 UTC
570,4,14,2025-05-20,480,1.0,,2025-09-08 05:26:08.566517 UTC
1128,4,14,2025-07-01,480,1.0,,2025-09-08 05:26:08.566517 UTC
1159,4,14,2025-06-27,480,1.0,,2025-09-08 05:26:08.566517 UTC
211,4,14,2025-04-24,480,1.0,,2025-09-08 05:26:08.566517 UTC
593,4,14,2025-05-08,480,1.0,,2025-09-08 05:26:08.566517 UTC
11725,4,14,2025-08-28,480,1.0,,2025-09-08 05:26:08.566517 UTC
201,4,14,2025-04-28,480,1.0,,2025-09-08 05:26:08.566517 UTC
569,4,14,2025-05-19,480,1.0,,2025-09-08 05:26:08.566517 UTC
212,4,14,2025-04-25,480,1.0,,2025-09-08 05:26:08.566517 UTC
11694,4,14,2025-08-11,480,1.0,,2025-09-08 05:26:08.566517 UTC
11722,4,14,2025-08-25,480,1.0,,2025-09-08 05:26:08.566517 UTC
1137,4,14,2025-06-05,480,1.0,,2025-09-08 05:26:08.566517 UTC
1149,4,14,2025-06-17,480,1.0,,2025-09-08 05:26:08.566517 UTC
11695,4,14,2025-08-12,480,1.0,,2025-09-08 05:26:08.566517 UTC
1129,4,14,2025-07-02,480,1.0,,2025-09-08 05:26:08.566517 UTC
1141,4,14,2025-06-09,480,1.0,,2025-09-08 05:26:08.566517 UTC
591,4,14,2025-05-06,480,1.0,,2025-09-08 05:26:08.566517 UTC
11710,4,14,2025-08-20,480,1.0,,2025-09-08 05:26:08.566517 UTC
11724,4,14,2025-08-27,480,1.0,,2025-09-08 05:26:08.566517 UTC
563,4,14,2025-05-27,480,1.0,,2025-09-08 05:26:08.566517 UTC
11726,4,14,2025-08-29,480,1.0,,2025-09-08 05:26:08.566517 UTC
1155,4,14,2025-06-23,480,1.0,,2025-09-08 05:26:08.566517 UTC
11708,4,14,2025-08-18,480,1.0,,2025-09-08 05:26:08.566517 UTC
1135,4,14,2025-06-03,480,1.0,,2025-09-08 05:26:08.566517 UTC
1143,4,14,2025-06-11,480,1.0,,2025-09-08 05:26:08.566517 UTC
1142,4,14,2025-06-10,480,1.0,,2025-09-08 05:26:08.566517 UTC
11697,4,14,2025-08-14,480,1.0,,2025-09-08 05:26:08.566517 UTC
576,4,14,2025-05-12,480,1.0,,2025-09-08 05:26:08.566517 UTC
217,4,14,2025-04-16,480,1.0,,2025-09-08 05:26:08.566517 UTC
564,4,14,2025-05-28,480,1.0,,2025-09-08 05:26:08.566517 UTC
1145,4,14,2025-06-13,480,1.0,,2025-09-08 05:26:08.566517 UTC
215,4,14,2025-04-14,480,1.0,,2025-09-08 05:26:08.566517 UTC
11696,4,14,2025-08-13,480,1.0,,2025-09-08 05:26:08.566517 UTC
577,4,14,2025-05-13,480,1.0,,2025-09-08 05:26:08.566517 UTC
1158,4,14,2025-06-26,480,1.0,,2025-09-08 05:26:08.566517 UTC
580,4,14,2025-05-16,480,1.0,,2025-09-08 05:26:08.566517 UTC
1130,4,14,2025-07-03,480,1.0,,2025-09-08 05:26:08.566517 UTC
11709,4,14,2025-08-19,480,1.0,,2025-09-08 05:26:08.566517 UTC
11711,4,14,2025-08-21,480,1.0,,2025-09-08 05:26:08.566517 UTC
608,9,15,2025-05-23,480,1.0,,2025-09-08 05:26:08.566517 UTC
1582,9,15,2025-08-18,480,1.0,,2025-09-08 05:26:08.566517 UTC
369,9,15,2025-05-08,480,1.0,,2025-09-08 05:26:08.566517 UTC
1218,9,15,2025-06-30,480,1.0,,2025-09-08 05:26:08.566517 UTC
1631,9,15,2025-08-25,480,1.0,,2025-09-08 05:26:08.566517 UTC
181,9,15,2025-04-15,480,1.0,,2025-09-08 05:26:08.566517 UTC
605,9,15,2025-05-20,480,1.0,,2025-09-08 05:26:08.566517 UTC
927,9,15,2025-06-19,480,1.0,,2025-09-08 05:26:08.566517 UTC
1635,9,15,2025-08-29,480,1.0,,2025-09-08 05:26:08.566517 UTC
166,9,15,2025-04-02,480,1.0,,2025-09-08 05:26:08.566517 UTC
613,9,15,2025-05-28,480,1.0,,2025-09-08 05:26:08.566517 UTC
176,9,15,2025-04-10,480,1.0,,2025-09-08 05:26:08.566517 UTC
180,9,15,2025-04-14,480,1.0,,2025-09-08 05:26:08.566517 UTC
368,9,15,2025-05-07,480,1.0,,2025-09-08 05:26:08.566517 UTC
962,9,15,2025-06-26,480,1.0,,2025-09-08 05:26:08.566517 UTC
615,9,15,2025-05-30,480,1.0,,2025-09-08 05:26:08.566517 UTC
165,9,15,2025-04-01,480,1.0,,2025-09-08 05:26:08.566517 UTC
196,9,15,2025-04-30,480,1.0,,2025-09-08 05:26:08.566517 UTC
1633,9,15,2025-08-27,480,1.0,,2025-09-08 05:26:08.566517 UTC
1516,9,15,2025-08-15,480,1.0,,2025-09-08 05:26:08.566517 UTC
1585,9,15,2025-08-21,480,1.0,,2025-09-08 05:26:08.566517 UTC
173,9,15,2025-04-07,480,1.0,,2025-09-08 05:26:08.566517 UTC
865,9,15,2025-06-13,480,1.0,,2025-09-08 05:26:08.566517 UTC
174,9,15,2025-04-08,480,1.0,,2025-09-08 05:26:08.566517 UTC
175,9,15,2025-04-09,480,1.0,,2025-09-08 05:26:08.566517 UTC
190,9,15,2025-04-24,480,1.0,,2025-09-08 05:26:08.566517 UTC
963,9,15,2025-06-27,480,1.0,,2025-09-08 05:26:08.566517 UTC
401,9,15,2025-05-12,480,1.0,,2025-09-08 05:26:08.566517 UTC
833,9,15,2025-06-02,480,1.0,,2025-09-08 05:26:08.566517 UTC
191,9,15,2025-04-25,480,1.0,,2025-09-08 05:26:08.566517 UTC
861,9,15,2025-06-09,480,1.0,,2025-09-08 05:26:08.566517 UTC
366,9,15,2025-05-05,480,1.0,,2025-09-08 05:26:08.566517 UTC
926,9,15,2025-06-18,480,1.0,,2025-09-08 05:26:08.566517 UTC
167,9,15,2025-04-03,480,1.0,,2025-09-08 05:26:08.566517 UTC
1632,9,15,2025-08-26,480,1.0,,2025-09-08 05:26:08.566517 UTC
924,9,15,2025-06-16,480,1.0,,2025-09-08 05:26:08.566517 UTC
959,9,15,2025-06-23,480,1.0,,2025-09-08 05:26:08.566517 UTC
402,9,15,2025-05-13,480,1.0,,2025-09-08 05:26:08.566517 UTC
604,9,15,2025-05-19,480,1.0,,2025-09-08 05:26:08.566517 UTC
188,9,15,2025-04-22,480,1.0,,2025-09-08 05:26:08.566517 UTC
1514,9,15,2025-08-13,480,1.0,,2025-09-08 05:26:08.566517 UTC
370,9,15,2025-05-09,480,1.0,,2025-09-08 05:26:08.566517 UTC
189,9,15,2025-04-23,480,1.0,,2025-09-08 05:26:08.566517 UTC
168,9,15,2025-04-04,480,1.0,,2025-09-08 05:26:08.566517 UTC
1584,9,15,2025-08-20,480,1.0,,2025-09-08 05:26:08.566517 UTC
863,9,15,2025-06-11,480,1.0,,2025-09-08 05:26:08.566517 UTC
607,9,15,2025-05-22,480,1.0,,2025-09-08 05:26:08.566517 UTC
177,9,15,2025-04-11,480,1.0,,2025-09-08 05:26:08.566517 UTC
960,9,15,2025-06-24,480,1.0,,2025-09-08 05:26:08.566517 UTC
606,9,15,2025-05-21,480,1.0,,2025-09-08 05:26:08.566517 UTC
367,9,15,2025-05-06,480,1.0,,2025-09-08 05:26:08.566517 UTC
194,9,15,2025-04-28,480,1.0,,2025-09-08 05:26:08.566517 UTC
183,9,15,2025-04-17,480,1.0,,2025-09-08 05:26:08.566517 UTC
1583,9,15,2025-08-19,480,1.0,,2025-09-08 05:26:08.566517 UTC
1634,9,15,2025-08-28,480,1.0,,2025-09-08 05:26:08.566517 UTC
1513,9,15,2025-08-12,480,1.0,,2025-09-08 05:26:08.566517 UTC
864,9,15,2025-06-12,480,1.0,,2025-09-08 05:26:08.566517 UTC
1512,9,15,2025-08-11,480,1.0,,2025-09-08 05:26:08.566517 UTC
862,9,15,2025-06-10,480,1.0,,2025-09-08 05:26:08.566517 UTC
836,9,15,2025-06-05,480,1.0,,2025-09-08 05:26:08.566517 UTC
404,9,15,2025-05-15,480,1.0,,2025-09-08 05:26:08.566517 UTC
611,9,15,2025-05-26,480,1.0,,2025-09-08 05:26:08.566517 UTC
195,9,15,2025-04-29,480,1.0,,2025-09-08 05:26:08.566517 UTC
182,9,15,2025-04-16,480,1.0,,2025-09-08 05:26:08.566517 UTC
403,9,15,2025-05-14,480,1.0,,2025-09-08 05:26:08.566517 UTC
1515,9,15,2025-08-14,480,1.0,,2025-09-08 05:26:08.566517 UTC
612,9,15,2025-05-27,480,1.0,,2025-09-08 05:26:08.566517 UTC
834,9,15,2025-06-03,480,1.0,,2025-09-08 05:26:08.566517 UTC
835,9,15,2025-06-04,480,1.0,,2025-09-08 05:26:08.566517 UTC
1586,9,15,2025-08-22,480,1.0,,2025-09-08 05:26:08.566517 UTC
925,9,15,2025-06-17,480,1.0,,2025-09-08 05:26:08.566517 UTC
405,9,15,2025-05-16,480,1.0,,2025-09-08 05:26:08.566517 UTC
11674,8,16,2025-08-19,480,1.0,,2025-09-08 05:26:08.566517 UTC
1074,8,16,2025-07-03,480,1.0,,2025-09-08 05:26:08.566517 UTC
11683,8,16,2025-08-14,480,1.0,,2025-09-08 05:26:08.566517 UTC
284,8,16,2025-05-02,480,1.0,,2025-09-08 05:26:08.566517 UTC
11676,8,16,2025-08-21,480,1.0,,2025-09-08 05:26:08.566517 UTC
548,8,16,2025-05-26,480,1.0,,2025-09-08 05:26:08.566517 UTC
257,8,16,2025-04-23,480,1.0,,2025-09-08 05:26:08.566517 UTC
1052,8,16,2025-06-18,480,1.0,,2025-09-08 05:26:08.566517 UTC
258,8,16,2025-04-24,480,1.0,,2025-09-08 05:26:08.566517 UTC
259,8,16,2025-04-25,480,1.0,,2025-09-08 05:26:08.566517 UTC
534,8,16,2025-05-19,480,1.0,,2025-09-08 05:26:08.566517 UTC
256,8,16,2025-04-22,480,1.0,,2025-09-08 05:26:08.566517 UTC
535,8,16,2025-05-20,480,1.0,,2025-09-08 05:26:08.566517 UTC
538,8,16,2025-05-23,480,1.0,,2025-09-08 05:26:08.566517 UTC
513,8,16,2025-05-05,480,1.0,,2025-09-08 05:26:08.566517 UTC
262,8,16,2025-04-28,480,1.0,,2025-09-08 05:26:08.566517 UTC
1046,8,16,2025-06-12,480,1.0,,2025-09-08 05:26:08.566517 UTC
516,8,16,2025-05-08,480,1.0,,2025-09-08 05:26:08.566517 UTC
517,8,16,2025-05-09,480,1.0,,2025-09-08 05:26:08.566517 UTC
241,8,16,2025-04-07,480,1.0,,2025-09-08 05:26:08.566517 UTC
1050,8,16,2025-06-16,480,1.0,,2025-09-08 05:26:08.566517 UTC
11675,8,16,2025-08-20,480,1.0,,2025-09-08 05:26:08.566517 UTC
1075,8,16,2025-07-04,480,1.0,,2025-09-08 05:26:08.566517 UTC
11677,8,16,2025-08-22,480,1.0,,2025-09-08 05:26:08.566517 UTC
1043,8,16,2025-06-09,480,1.0,,2025-09-08 05:26:08.566517 UTC
11670,8,16,2025-08-29,480,1.0,,2025-09-08 05:26:08.566517 UTC
514,8,16,2025-05-06,480,1.0,,2025-09-08 05:26:08.566517 UTC
11680,8,16,2025-08-11,480,1.0,,2025-09-08 05:26:08.566517 UTC
11673,8,16,2025-08-18,480,1.0,,2025-09-08 05:26:08.566517 UTC
550,8,16,2025-05-28,480,1.0,,2025-09-08 05:26:08.566517 UTC
520,8,16,2025-05-12,480,1.0,,2025-09-08 05:26:08.566517 UTC
1051,8,16,2025-06-17,480,1.0,,2025-09-08 05:26:08.566517 UTC
11681,8,16,2025-08-12,480,1.0,,2025-09-08 05:26:08.566517 UTC
1073,8,16,2025-07-02,480,1.0,,2025-09-08 05:26:08.566517 UTC
1036,8,16,2025-06-02,480,1.0,,2025-09-08 05:26:08.566517 UTC
1058,8,16,2025-06-24,480,1.0,,2025-09-08 05:26:08.566517 UTC
1039,8,16,2025-06-05,480,1.0,,2025-09-08 05:26:08.566517 UTC
242,8,16,2025-04-08,480,1.0,,2025-09-08 05:26:08.566517 UTC
515,8,16,2025-05-07,480,1.0,,2025-09-08 05:26:08.566517 UTC
521,8,16,2025-05-13,480,1.0,,2025-09-08 05:26:08.566517 UTC
11667,8,16,2025-08-26,480,1.0,,2025-09-08 05:26:08.566517 UTC
1038,8,16,2025-06-04,480,1.0,,2025-09-08 05:26:08.566517 UTC
237,8,16,2025-04-03,480,1.0,,2025-09-08 05:26:08.566517 UTC
1053,8,16,2025-06-19,480,1.0,,2025-09-08 05:26:08.566517 UTC
1057,8,16,2025-06-23,480,1.0,,2025-09-08 05:26:08.566517 UTC
1045,8,16,2025-06-11,480,1.0,,2025-09-08 05:26:08.566517 UTC
537,8,16,2025-05-22,480,1.0,,2025-09-08 05:26:08.566517 UTC
522,8,16,2025-05-14,480,1.0,,2025-09-08 05:26:08.566517 UTC
1072,8,16,2025-07-01,480,1.0,,2025-09-08 05:26:08.566517 UTC
1044,8,16,2025-06-10,480,1.0,,2025-09-08 05:26:08.566517 UTC
524,8,16,2025-05-16,480,1.0,,2025-09-08 05:26:08.566517 UTC
1071,8,16,2025-06-30,480,1.0,,2025-09-08 05:26:08.566517 UTC
549,8,16,2025-05-27,480,1.0,,2025-09-08 05:26:08.566517 UTC
238,8,16,2025-04-04,480,1.0,,2025-09-08 05:26:08.566517 UTC
1047,8,16,2025-06-13,480,1.0,,2025-09-08 05:26:08.566517 UTC
235,8,16,2025-04-01,480,1.0,,2025-09-08 05:26:08.566517 UTC
11668,8,16,2025-08-27,480,1.0,,2025-09-08 05:26:08.566517 UTC
244,8,16,2025-04-10,480,1.0,,2025-09-08 05:26:08.566517 UTC
245,8,16,2025-04-11,480,1.0,,2025-09-08 05:26:08.566517 UTC
243,8,16,2025-04-09,480,1.0,,2025-09-08 05:26:08.566517 UTC
11682,8,16,2025-08-13,480,1.0,,2025-09-08 05:26:08.566517 UTC
11666,8,16,2025-08-25,480,1.0,,2025-09-08 05:26:08.566517 UTC
11684,8,16,2025-08-15,480,1.0,,2025-09-08 05:26:08.566517 UTC
236,8,16,2025-04-02,480,1.0,,2025-09-08 05:26:08.566517 UTC
1037,8,16,2025-06-03,480,1.0,,2025-09-08 05:26:08.566517 UTC
11669,8,16,2025-08-28,480,1.0,,2025-09-08 05:26:08.566517 UTC
1371,2,17,2025-07-09,480,1.0,,2025-09-08 05:26:08.566517 UTC
1370,2,17,2025-07-08,480,1.0,,2025-09-08 05:26:08.566517 UTC
752,5,18,2025-05-12,480,1.0,,2025-09-08 05:26:08.566517 UTC
762,5,18,2025-05-22,480,1.0,,2025-09-08 05:26:08.566517 UTC
1178,5,18,2025-06-11,480,1.0,,2025-09-08 05:26:08.566517 UTC
327,5,18,2025-04-08,480,1.0,,2025-09-08 05:26:08.566517 UTC
348,5,18,2025-04-29,480,1.0,,2025-09-08 05:26:08.566517 UTC
1177,5,18,2025-06-10,480,1.0,,2025-09-08 05:26:08.566517 UTC
333,5,18,2025-04-14,480,1.0,,2025-09-08 05:26:08.566517 UTC
336,5,18,2025-04-17,480,1.0,,2025-09-08 05:26:08.566517 UTC
11757,5,18,2025-08-04,480,1.0,,2025-09-08 05:26:08.566517 UTC
1184,5,18,2025-06-17,480,1.0,,2025-09-08 05:26:08.566517 UTC
328,5,18,2025-04-09,480,1.0,,2025-09-08 05:26:08.566517 UTC
322,5,18,2025-04-03,480,1.0,,2025-09-08 05:26:08.566517 UTC
344,5,18,2025-04-25,480,1.0,,2025-09-08 05:26:08.566517 UTC
1183,5,18,2025-06-16,480,1.0,,2025-09-08 05:26:08.566517 UTC
11793,5,18,2025-08-19,480,1.0,,2025-09-08 05:26:08.566517 UTC
763,5,18,2025-05-23,480,1.0,,2025-09-08 05:26:08.566517 UTC
1179,5,18,2025-06-12,480,1.0,,2025-09-08 05:26:08.566517 UTC
11802,5,18,2025-08-28,480,1.0,,2025-09-08 05:26:08.566517 UTC
761,5,18,2025-05-21,480,1.0,,2025-09-08 05:26:08.566517 UTC
330,5,18,2025-04-11,480,1.0,,2025-09-08 05:26:08.566517 UTC
11794,5,18,2025-08-20,480,1.0,,2025-09-08 05:26:08.566517 UTC
1191,5,18,2025-06-24,480,1.0,,2025-09-08 05:26:08.566517 UTC
11795,5,18,2025-08-21,480,1.0,,2025-09-08 05:26:08.566517 UTC
1180,5,18,2025-06-13,480,1.0,,2025-09-08 05:26:08.566517 UTC
334,5,18,2025-04-15,480,1.0,,2025-09-08 05:26:08.566517 UTC
11759,5,18,2025-08-06,480,1.0,,2025-09-08 05:26:08.566517 UTC
11779,5,18,2025-08-12,480,1.0,,2025-09-08 05:26:08.566517 UTC
329,5,18,2025-04-10,480,1.0,,2025-09-08 05:26:08.566517 UTC
341,5,18,2025-04-22,480,1.0,,2025-09-08 05:26:08.566517 UTC
759,5,18,2025-05-19,480,1.0,,2025-09-08 05:26:08.566517 UTC
11760,5,18,2025-08-07,480,1.0,,2025-09-08 05:26:08.566517 UTC
1190,5,18,2025-06-23,480,1.0,,2025-09-08 05:26:08.566517 UTC
1171,5,18,2025-06-04,480,1.0,,2025-09-08 05:26:08.566517 UTC
11801,5,18,2025-08-27,480,1.0,,2025-09-08 05:26:08.566517 UTC
351,5,18,2025-05-02,480,1.0,,2025-09-08 05:26:08.566517 UTC
1469,5,18,2025-07-04,480,1.0,,2025-09-08 05:26:08.566517 UTC
347,5,18,2025-04-28,480,1.0,,2025-09-08 05:26:08.566517 UTC
1211,5,18,2025-06-30,480,1.0,,2025-09-08 05:26:08.566517 UTC
1186,5,18,2025-06-19,480,1.0,,2025-09-08 05:26:08.566517 UTC
11781,5,18,2025-08-14,480,1.0,,2025-09-08 05:26:08.566517 UTC
755,5,18,2025-05-15,480,1.0,,2025-09-08 05:26:08.566517 UTC
768,5,18,2025-05-28,480,1.0,,2025-09-08 05:26:08.566517 UTC
11796,5,18,2025-08-22,480,1.0,,2025-09-08 05:26:08.566517 UTC
1466,5,18,2025-07-01,480,1.0,,2025-09-08 05:26:08.566517 UTC
11782,5,18,2025-08-15,480,1.0,,2025-09-08 05:26:08.566517 UTC
11799,5,18,2025-08-25,480,1.0,,2025-09-08 05:26:08.566517 UTC
349,5,18,2025-04-30,480,1.0,,2025-09-08 05:26:08.566517 UTC
1185,5,18,2025-06-18,480,1.0,,2025-09-08 05:26:08.566517 UTC
11778,5,18,2025-08-11,480,1.0,,2025-09-08 05:26:08.566517 UTC
767,5,18,2025-05-27,480,1.0,,2025-09-08 05:26:08.566517 UTC
335,5,18,2025-04-16,480,1.0,,2025-09-08 05:26:08.566517 UTC
11800,5,18,2025-08-26,480,1.0,,2025-09-08 05:26:08.566517 UTC
1194,5,18,2025-06-27,480,1.0,,2025-09-08 05:26:08.566517 UTC
326,5,18,2025-04-07,480,1.0,,2025-09-08 05:26:08.566517 UTC
766,5,18,2025-05-26,480,1.0,,2025-09-08 05:26:08.566517 UTC
1176,5,18,2025-06-09,480,1.0,,2025-09-08 05:26:08.566517 UTC
343,5,18,2025-04-24,480,1.0,,2025-09-08 05:26:08.566517 UTC
739,5,18,2025-05-06,480,1.0,,2025-09-08 05:26:08.566517 UTC
753,5,18,2025-05-13,480,1.0,,2025-09-08 05:26:08.566517 UTC
1170,5,18,2025-06-03,480,1.0,,2025-09-08 05:26:08.566517 UTC
770,5,18,2025-05-30,480,1.0,,2025-09-08 05:26:08.566517 UTC
1169,5,18,2025-06-02,480,1.0,,2025-09-08 05:26:08.566517 UTC
1181,5,18,2025-06-14,480,1.0,,2025-09-08 05:26:08.566517 UTC
342,5,18,2025-04-23,480,1.0,,2025-09-08 05:26:08.566517 UTC
1467,5,18,2025-07-02,480,1.0,,2025-09-08 05:26:08.566517 UTC
1468,5,18,2025-07-03,480,1.0,,2025-09-08 05:26:08.566517 UTC
760,5,18,2025-05-20,480,1.0,,2025-09-08 05:26:08.566517 UTC
754,5,18,2025-05-14,480,1.0,,2025-09-08 05:26:08.566517 UTC
756,5,18,2025-05-16,480,1.0,,2025-09-08 05:26:08.566517 UTC
11792,5,18,2025-08-18,480,1.0,,2025-09-08 05:26:08.566517 UTC
1172,5,18,2025-06-05,480,1.0,,2025-09-08 05:26:08.566517 UTC
323,5,18,2025-04-04,480,1.0,,2025-09-08 05:26:08.566517 UTC
398,3,20,2025-05-16,480,0.0,,2025-09-08 05:26:08.566517 UTC
383,3,20,2025-05-08,480,0.0,,2025-09-08 05:26:08.566517 UTC
1669,11,20,2025-08-14,480,0.0,,2025-09-08 05:26:08.566517 UTC
1617,2,20,2025-08-25,480,0.0,,2025-09-08 05:26:08.566517 UTC
1666,11,20,2025-08-11,480,0.0,,2025-09-08 05:26:08.566517 UTC
1628,2,20,2025-08-22,480,0.0,,2025-09-08 05:26:08.566517 UTC
1680,11,20,2025-08-18,480,0.0,,2025-09-08 05:26:08.566517 UTC
1397,2,20,2025-07-15,480,0.0,,2025-09-08 05:26:08.566517 UTC
1328,11,20,2025-07-02,480,0.0,,2025-09-08 05:26:08.566517 UTC
1624,2,20,2025-08-18,480,0.0,,2025-09-08 05:26:08.566517 UTC
1115,2,20,2025-06-25,480,0.0,,2025-09-08 05:26:08.566517 UTC
1399,2,20,2025-07-17,480,0.0,,2025-09-08 05:26:08.566517 UTC
384,3,20,2025-05-09,480,0.0,,2025-09-08 05:26:08.566517 UTC
1121,2,20,2025-07-01,480,0.0,,2025-09-08 05:26:08.566517 UTC
1618,2,20,2025-08-26,480,0.0,,2025-09-08 05:26:08.566517 UTC
747,5,20,2025-05-07,480,0.0,,2025-09-08 05:26:08.566517 UTC
1336,9,20,2025-07-03,480,0.0,,2025-09-08 05:26:08.566517 UTC
397,3,20,2025-05-15,480,0.0,,2025-09-08 05:26:08.566517 UTC
820,11,20,2025-05-15,480,0.0,,2025-09-08 05:26:08.566517 UTC
1334,9,20,2025-07-01,480,0.0,,2025-09-08 05:26:08.566517 UTC
1619,2,20,2025-08-27,480,0.0,,2025-09-08 05:26:08.566517 UTC
1627,2,20,2025-08-21,480,0.0,,2025-09-08 05:26:08.566517 UTC
1341,9,20,2025-07-08,480,0.0,,2025-09-08 05:26:08.566517 UTC
1668,11,20,2025-08-13,480,0.0,,2025-09-08 05:26:08.566517 UTC
1400,2,20,2025-07-18,480,0.0,,2025-09-08 05:26:08.566517 UTC
1625,2,20,2025-08-19,480,0.0,,2025-09-08 05:26:08.566517 UTC
1327,11,20,2025-07-01,480,0.0,,2025-09-08 05:26:08.566517 UTC
1667,11,20,2025-08-12,480,0.0,,2025-09-08 05:26:08.566517 UTC
748,5,20,2025-05-08,480,0.0,,2025-09-08 05:26:08.566517 UTC
417,12,20,2025-05-07,480,0.0,Data innovation summit 7/5,2025-09-08 05:26:08.566517 UTC
1335,9,20,2025-07-02,480,0.0,,2025-09-08 05:26:08.566517 UTC
1398,2,20,2025-07-16,480,0.0,,2025-09-08 05:26:08.566517 UTC
1626,2,20,2025-08-20,480,0.0,,2025-09-08 05:26:08.566517 UTC
1113,2,20,2025-06-23,480,0.0,,2025-09-08 05:26:08.566517 UTC
1396,2,20,2025-07-14,480,0.0,,2025-09-08 05:26:08.566517 UTC
1164,4,20,2025-06-25,480,0.0,,2025-09-08 05:26:08.566517 UTC
1620,2,20,2025-08-28,480,0.0,,2025-09-08 05:26:08.566517 UTC
1114,2,20,2025-06-24,480,0.0,,2025-09-08 05:26:08.566517 UTC
382,3,20,2025-05-07,480,0.0,,2025-09-08 05:26:08.566517 UTC
1682,11,20,2025-08-20,480,0.0,,2025-09-08 05:26:08.566517 UTC
1621,2,20,2025-08-29,480,0.0,,2025-09-08 05:26:08.566517 UTC
1120,2,20,2025-06-30,480,0.0,,2025-09-08 05:26:08.566517 UTC
1337,9,20,2025-07-04,480,0.0,,2025-09-08 05:26:08.566517 UTC
1199,5,20,2025-06-25,480,0.0,,2025-09-08 05:26:08.566517 UTC
1102,2,20,2025-06-19,480,0.0,,2025-09-08 05:26:08.566517 UTC
451,3,20,2025-05-20,480,0.0,,2025-09-08 05:26:08.566517 UTC
749,5,20,2025-05-09,480,0.0,,2025-09-08 05:26:08.566517 UTC
1326,11,20,2025-06-30,480,0.0,,2025-09-08 05:26:08.566517 UTC
1340,9,20,2025-07-07,480,0.0,,2025-09-08 05:26:08.566517 UTC
11768,5,23,2025-08-08,480,0.0,,2025-09-08 05:26:08.566517 UTC
1207,5,23,2025-06-26,480,0.0,,2025-09-08 05:26:08.566517 UTC
991,6,24,2025-06-13,480,0.0,,2025-09-08 05:26:08.566517 UTC
11754,6,24,2025-08-29,480,0.0,,2025-09-08 05:26:08.566517 UTC
1018,6,24,2025-06-26,480,0.0,,2025-09-08 05:26:08.566517 UTC
629,6,24,2025-05-30,480,0.0,,2025-09-08 05:26:08.566517 UTC
642,6,24,2025-05-22,480,0.0,,2025-09-08 05:26:08.566517 UTC
1462,6,24,2025-07-17,480,0.0,,2025-09-08 05:26:08.566517 UTC
976,6,24,2025-06-05,480,0.0,,2025-09-08 05:26:08.566517 UTC
678,6,24,2025-05-02,480,0.0,,2025-09-08 05:26:08.566517 UTC
990,6,24,2025-06-12,480,0.0,,2025-09-08 05:26:08.566517 UTC
670,6,24,2025-05-08,480,0.0,,2025-09-08 05:26:08.566517 UTC
656,6,24,2025-05-15,480,0.0,,2025-09-08 05:26:08.566517 UTC
1033,6,24,2025-07-04,480,0.0,,2025-09-08 05:26:08.566517 UTC
1442,6,24,2025-07-11,480,0.0,,2025-09-08 05:26:08.566517 UTC
1004,6,24,2025-06-19,480,0.0,,2025-09-08 05:26:08.566517 UTC
671,6,24,2025-05-09,480,0.0,,2025-09-08 05:26:08.566517 UTC
643,6,24,2025-05-23,480,0.0,,2025-09-08 05:26:08.566517 UTC
1019,6,24,2025-06-27,480,0.0,,2025-09-08 05:26:08.566517 UTC
1032,6,24,2025-07-03,480,0.0,,2025-09-08 05:26:08.566517 UTC
1463,6,24,2025-07-18,480,0.0,,2025-09-08 05:26:08.566517 UTC
1428,3,25,2025-08-01,480,1.0,,2025-09-08 05:26:08.566517 UTC
1426,3,25,2025-07-30,480,1.0,,2025-09-08 05:26:08.566517 UTC
1498,3,25,2025-08-04,480,1.0,,2025-09-08 05:26:08.566517 UTC
11736,6,26,2025-08-04,480,1.0,,2025-09-08 05:26:08.566517 UTC
225,4,14,2025-04-10,540,1.0,,2025-09-08 05:26:08.566517 UTC
229,4,14,2025-04-01,540,1.0,,2025-09-08 05:26:08.566517 UTC
231,4,14,2025-04-03,540,1.0,,2025-09-08 05:26:08.566517 UTC
232,4,14,2025-04-04,540,1.0,,2025-09-08 05:26:08.566517 UTC
223,4,14,2025-04-08,540,1.0,,2025-09-08 05:26:08.566517 UTC
224,4,14,2025-04-09,540,1.0,,2025-09-08 05:26:08.566517 UTC
230,4,14,2025-04-02,540,1.0,,2025-09-08 05:26:08.566517 UTC
222,4,14,2025-04-07,540,1.0,,2025-09-08 05:26:08.566517 UTC
209,4,14,2025-04-22,600,1.0,,2025-09-08 05:26:08.566517 UTC
210,4,14,2025-04-23,600,1.0,,2025-09-08 05:26:08.566517 UTC
359,5,18,2025-05-05,960,1.0,"FYI L√§gger 8 tim extra som korrigering, d√• jag godk√§nde 2 maj f√∂r tidigt och d√• kom det med i fakturaunderlaget.",2025-09-08 05:26:08.566517 UTC